type;number of algorithm;size;time;
рандом от 0 до 5_1;0;50;8637;
рандом от 0 до 5_1;1;50;22074;
рандом от 0 до 5_1;2;50;20038;
рандом от 0 до 5_1;3;50;23096;
рандом от 0 до 5_1;4;50;5683;
рандом от 0 до 5_1;5;50;8598;
рандом от 0 до 5_1;6;50;6912;
рандом от 0 до 5_1;7;50;10003;
рандом от 0 до 5_1;8;50;6431;
рандом от 0 до 5_1;9;50;5836;
рандом от 0 до 5_1;10;50;14310;
рандом от 0 до 5_1;11;50;3913;
рандом от 0 до 5_1;12;50;4820;
рандом от 0 до 5_1;0;100;35899;
рандом от 0 до 5_1;1;100;90919;
рандом от 0 до 5_1;2;100;84707;
рандом от 0 до 5_1;3;100;97313;
рандом от 0 до 5_1;4;100;11601;
рандом от 0 до 5_1;5;100;136228;
рандом от 0 до 5_1;6;100;38166;
рандом от 0 до 5_1;7;100;43064;
рандом от 0 до 5_1;8;100;21711;
рандом от 0 до 5_1;9;100;13456;
рандом от 0 до 5_1;10;100;71772;
рандом от 0 до 5_1;11;100;19227;
рандом от 0 до 5_1;12;100;10163;
рандом от 0 до 5_1;0;150;76647;
рандом от 0 до 5_1;1;150;195063;
рандом от 0 до 5_1;2;150;200061;
рандом от 0 до 5_1;3;150;228096;
рандом от 0 до 5_1;4;150;18159;
рандом от 0 до 5_1;5;150;32438;
рандом от 0 до 5_1;6;150;65164;
рандом от 0 до 5_1;7;150;39129;
рандом от 0 до 5_1;8;150;23011;
рандом от 0 до 5_1;9;150;15147;
рандом от 0 до 5_1;10;150;93298;
рандом от 0 до 5_1;11;150;18958;
рандом от 0 до 5_1;12;150;19062;
рандом от 0 до 5_1;0;200;1061154;
рандом от 0 до 5_1;1;200;360715;
рандом от 0 до 5_1;2;200;364078;
рандом от 0 до 5_1;3;200;426047;
рандом от 0 до 5_1;4;200;21786;
рандом от 0 до 5_1;5;200;57736;
рандом от 0 до 5_1;6;200;895984;
рандом от 0 до 5_1;7;200;57666;
рандом от 0 до 5_1;8;200;39796;
рандом от 0 до 5_1;9;200;16825;
рандом от 0 до 5_1;10;200;174271;
рандом от 0 до 5_1;11;200;27616;
рандом от 0 до 5_1;12;200;26227;
рандом от 0 до 5_1;0;250;190938;
рандом от 0 до 5_1;1;250;553367;
рандом от 0 до 5_1;2;250;1410452;
рандом от 0 до 5_1;3;250;633596;
рандом от 0 до 5_1;4;250;27202;
рандом от 0 до 5_1;5;250;98450;
рандом от 0 до 5_1;6;250;781694;
рандом от 0 до 5_1;7;250;228879;
рандом от 0 до 5_1;8;250;51799;
рандом от 0 до 5_1;9;250;23622;
рандом от 0 до 5_1;10;250;306488;
рандом от 0 до 5_1;11;250;29930;
рандом от 0 до 5_1;12;250;32271;
рандом от 0 до 5_1;0;300;268989;
рандом от 0 до 5_1;1;300;1143452;
рандом от 0 до 5_1;2;300;983259;
рандом от 0 до 5_1;3;300;1171566;
рандом от 0 до 5_1;4;300;33862;
рандом от 0 до 5_1;5;300;96115;
рандом от 0 до 5_1;6;300;250041;
рандом от 0 до 5_1;7;300;95663;
рандом от 0 до 5_1;8;300;89698;
рандом от 0 до 5_1;9;300;79566;
рандом от 0 до 5_1;10;300;486222;
рандом от 0 до 5_1;11;300;72875;
рандом от 0 до 5_1;12;300;76201;
рандом от 0 до 4000_1;0;50;13067;
рандом от 0 до 4000_1;1;50;22830;
рандом от 0 до 4000_1;2;50;29827;
рандом от 0 до 4000_1;3;50;27004;
рандом от 0 до 4000_1;4;50;6076;
рандом от 0 до 4000_1;5;50;12765;
рандом от 0 до 4000_1;6;50;7675;
рандом от 0 до 4000_1;7;50;10957;
рандом от 0 до 4000_1;8;50;6521;
рандом от 0 до 4000_1;9;50;11715;
рандом от 0 до 4000_1;10;50;10907;
рандом от 0 до 4000_1;11;50;3922;
рандом от 0 до 4000_1;12;50;4847;
рандом от 0 до 4000_1;0;100;34621;
рандом от 0 до 4000_1;1;100;86609;
рандом от 0 до 4000_1;2;100;90877;
рандом от 0 до 4000_1;3;100;97730;
рандом от 0 до 4000_1;4;100;14251;
рандом от 0 до 4000_1;5;100;18733;
рандом от 0 до 4000_1;6;100;30439;
рандом от 0 до 4000_1;7;100;21583;
рандом от 0 до 4000_1;8;100;14865;
рандом от 0 до 4000_1;9;100;9382;
рандом от 0 до 4000_1;10;100;36783;
рандом от 0 до 4000_1;11;100;9352;
рандом от 0 до 4000_1;12;100;10940;
рандом от 0 до 4000_1;0;150;71376;
рандом от 0 до 4000_1;1;150;216451;
рандом от 0 до 4000_1;2;150;194722;
рандом от 0 до 4000_1;3;150;300579;
рандом от 0 до 4000_1;4;150;17011;
рандом от 0 до 4000_1;5;150;40311;
рандом от 0 до 4000_1;6;150;70740;
рандом от 0 до 4000_1;7;150;40482;
рандом от 0 до 4000_1;8;150;28083;
рандом от 0 до 4000_1;9;150;14560;
рандом от 0 до 4000_1;10;150;103552;
рандом от 0 до 4000_1;11;150;17145;
рандом от 0 до 4000_1;12;150;23183;
рандом от 0 до 4000_1;0;200;141446;
рандом от 0 до 4000_1;1;200;399455;
рандом от 0 до 4000_1;2;200;448922;
рандом от 0 до 4000_1;3;200;432617;
рандом от 0 до 4000_1;4;200;27308;
рандом от 0 до 4000_1;5;200;47454;
рандом от 0 до 4000_1;6;200;95906;
рандом от 0 до 4000_1;7;200;52404;
рандом от 0 до 4000_1;8;200;31394;
рандом от 0 до 4000_1;9;200;18202;
рандом от 0 до 4000_1;10;200;133662;
рандом от 0 до 4000_1;11;200;24298;
рандом от 0 до 4000_1;12;200;26077;
рандом от 0 до 4000_1;0;250;239703;
рандом от 0 до 4000_1;1;250;689970;
рандом от 0 до 4000_1;2;250;673987;
рандом от 0 до 4000_1;3;250;794407;
рандом от 0 до 4000_1;4;250;30606;
рандом от 0 до 4000_1;5;250;74466;
рандом от 0 до 4000_1;6;250;179670;
рандом от 0 до 4000_1;7;250;78061;
рандом от 0 до 4000_1;8;250;54311;
рандом от 0 до 4000_1;9;250;25744;
рандом от 0 до 4000_1;10;250;284609;
рандом от 0 до 4000_1;11;250;32373;
рандом от 0 до 4000_1;12;250;42907;
рандом от 0 до 4000_1;0;300;326650;
рандом от 0 до 4000_1;1;300;818015;
рандом от 0 до 4000_1;2;300;900356;
рандом от 0 до 4000_1;3;300;1023049;
рандом от 0 до 4000_1;4;300;32503;
рандом от 0 до 4000_1;5;300;85432;
рандом от 0 до 4000_1;6;300;246085;
рандом от 0 до 4000_1;7;300;91386;
рандом от 0 до 4000_1;8;300;71726;
рандом от 0 до 4000_1;9;300;26650;
рандом от 0 до 4000_1;10;300;432206;
рандом от 0 до 4000_1;11;300;41785;
рандом от 0 до 4000_1;12;300;51742;
почти отсортирован_1;0;50;4750;
почти отсортирован_1;1;50;9525;
почти отсортирован_1;2;50;38003;
почти отсортирован_1;3;50;442;
почти отсортирован_1;4;50;6731;
почти отсортирован_1;5;50;10387;
почти отсортирован_1;6;50;929;
почти отсортирован_1;7;50;9899;
почти отсортирован_1;8;50;34939;
почти отсортирован_1;9;50;6486;
почти отсортирован_1;10;50;8010;
почти отсортирован_1;11;50;2533;
почти отсортирован_1;12;50;3071;
почти отсортирован_1;0;100;7506;
почти отсортирован_1;1;100;45995;
почти отсортирован_1;2;100;146907;
почти отсортирован_1;3;100;1014;
почти отсортирован_1;4;100;14620;
почти отсортирован_1;5;100;27187;
почти отсортирован_1;6;100;1586;
почти отсортирован_1;7;100;24174;
почти отсортирован_1;8;100;145167;
почти отсортирован_1;9;100;11625;
почти отсортирован_1;10;100;48271;
почти отсортирован_1;11;100;7267;
почти отсортирован_1;12;100;9238;
почти отсортирован_1;0;150;17645;
почти отсортирован_1;1;150;110369;
почти отсортирован_1;2;150;431139;
почти отсортирован_1;3;150;2957;
почти отсортирован_1;4;150;39407;
почти отсортирован_1;5;150;54799;
почти отсортирован_1;6;150;2909;
почти отсортирован_1;7;150;44513;
почти отсортирован_1;8;150;309202;
почти отсортирован_1;9;150;54584;
почти отсортирован_1;10;150;90746;
почти отсортирован_1;11;150;11667;
почти отсортирован_1;12;150;15572;
почти отсортирован_1;0;200;22189;
почти отсортирован_1;1;200;185491;
почти отсортирован_1;2;200;644337;
почти отсортирован_1;3;200;5804;
почти отсортирован_1;4;200;36639;
почти отсортирован_1;5;200;77368;
почти отсортирован_1;6;200;4436;
почти отсортирован_1;7;200;57273;
почти отсортирован_1;8;200;753124;
почти отсортирован_1;9;200;60092;
почти отсортирован_1;10;200;197939;
почти отсортирован_1;11;200;19488;
почти отсортирован_1;12;200;24179;
почти отсортирован_1;0;250;47881;
почти отсортирован_1;1;250;375749;
почти отсортирован_1;2;250;1027462;
почти отсортирован_1;3;250;8116;
почти отсортирован_1;4;250;50998;
почти отсортирован_1;5;250;103613;
почти отсортирован_1;6;250;6269;
почти отсортирован_1;7;250;72433;
почти отсортирован_1;8;250;967004;
почти отсортирован_1;9;250;48520;
почти отсортирован_1;10;250;295935;
почти отсортирован_1;11;250;26474;
почти отсортирован_1;12;250;31161;
почти отсортирован_1;0;300;41168;
почти отсортирован_1;1;300;360655;
почти отсортирован_1;2;300;1439507;
почти отсортирован_1;3;300;9788;
почти отсортирован_1;4;300;56302;
почти отсортирован_1;5;300;127930;
почти отсортирован_1;6;300;8117;
почти отсортирован_1;7;300;496282;
почти отсортирован_1;8;300;2632143;
почти отсортирован_1;9;300;57162;
почти отсортирован_1;10;300;408183;
почти отсортирован_1;11;300;31445;
почти отсортирован_1;12;300;47575;
обратно отсортирован_1;0;50;20134;
обратно отсортирован_1;1;50;36791;
обратно отсортирован_1;2;50;484;
обратно отсортирован_1;3;50;45583;
обратно отсортирован_1;4;50;7901;
обратно отсортирован_1;5;50;10978;
обратно отсортирован_1;6;50;27370;
обратно отсортирован_1;7;50;11980;
обратно отсортирован_1;8;50;26782;
обратно отсортирован_1;9;50;14224;
обратно отсортирован_1;10;50;13714;
обратно отсортирован_1;11;50;5199;
обратно отсортирован_1;12;50;5873;
обратно отсортирован_1;0;100;86593;
обратно отсортирован_1;1;100;156606;
обратно отсортирован_1;2;100;1058;
обратно отсортирован_1;3;100;259060;
обратно отсортирован_1;4;100;16406;
обратно отсортирован_1;5;100;27129;
обратно отсортирован_1;6;100;82429;
обратно отсортирован_1;7;100;25650;
обратно отсортирован_1;8;100;100321;
обратно отсортирован_1;9;100;22356;
обратно отсортирован_1;10;100;58039;
обратно отсортирован_1;11;100;12611;
обратно отсортирован_1;12;100;14530;
обратно отсортирован_1;0;150;172882;
обратно отсортирован_1;1;150;361610;
обратно отсортирован_1;2;150;1707;
обратно отсортирован_1;3;150;551491;
обратно отсортирован_1;4;150;22519;
обратно отсортирован_1;5;150;61794;
обратно отсортирован_1;6;150;200916;
обратно отсортирован_1;7;150;53014;
обратно отсортирован_1;8;150;241890;
обратно отсортирован_1;9;150;36064;
обратно отсортирован_1;10;150;115504;
обратно отсортирован_1;11;150;19923;
обратно отсортирован_1;12;150;27276;
обратно отсортирован_1;0;200;317221;
обратно отсортирован_1;1;200;925868;
обратно отсортирован_1;2;200;1977;
обратно отсортирован_1;3;200;914426;
обратно отсортирован_1;4;200;30838;
обратно отсортирован_1;5;200;73996;
обратно отсортирован_1;6;200;363994;
обратно отсортирован_1;7;200;155447;
обратно отсортирован_1;8;200;416552;
обратно отсортирован_1;9;200;43876;
обратно отсортирован_1;10;200;184736;
обратно отсортирован_1;11;200;23334;
обратно отсортирован_1;12;200;28372;
обратно отсортирован_1;0;250;402451;
обратно отсортирован_1;1;250;1031910;
обратно отсортирован_1;2;250;2411;
обратно отсортирован_1;3;250;1290231;
обратно отсортирован_1;4;250;34482;
обратно отсортирован_1;5;250;127984;
обратно отсортирован_1;6;250;670004;
обратно отсортирован_1;7;250;77104;
обратно отсортирован_1;8;250;560654;
обратно отсортирован_1;9;250;50047;
обратно отсортирован_1;10;250;350669;
обратно отсортирован_1;11;250;50295;
обратно отсортирован_1;12;250;46519;
обратно отсортирован_1;0;300;666047;
обратно отсортирован_1;1;300;1422804;
обратно отсортирован_1;2;300;2950;
обратно отсортирован_1;3;300;1840570;
обратно отсортирован_1;4;300;43912;
обратно отсортирован_1;5;300;122864;
обратно отсортирован_1;6;300;745893;
обратно отсортирован_1;7;300;135104;
обратно отсортирован_1;8;300;959615;
обратно отсортирован_1;9;300;60473;
обратно отсортирован_1;10;300;471123;
обратно отсортирован_1;11;300;48066;
обратно отсортирован_1;12;300;63325;
рандом от 0 до 5_2;0;100;42829;
рандом от 0 до 5_2;1;100;119849;
рандом от 0 до 5_2;2;100;119486;
рандом от 0 до 5_2;3;100;128643;
рандом от 0 до 5_2;4;100;13918;
рандом от 0 до 5_2;5;100;26966;
рандом от 0 до 5_2;6;100;40899;
рандом от 0 до 5_2;7;100;26213;
рандом от 0 до 5_2;8;100;12695;
рандом от 0 до 5_2;9;100;12254;
рандом от 0 до 5_2;10;100;54236;
рандом от 0 до 5_2;11;100;13377;
рандом от 0 до 5_2;12;100;14553;
рандом от 0 до 5_2;0;200;163309;
рандом от 0 до 5_2;1;200;573004;
рандом от 0 до 5_2;2;200;464965;
рандом от 0 до 5_2;3;200;515387;
рандом от 0 до 5_2;4;200;26631;
рандом от 0 до 5_2;5;200;63233;
рандом от 0 до 5_2;6;200;139691;
рандом от 0 до 5_2;7;200;69311;
рандом от 0 до 5_2;8;200;40445;
рандом от 0 до 5_2;9;200;21891;
рандом от 0 до 5_2;10;200;180854;
рандом от 0 до 5_2;11;200;27806;
рандом от 0 до 5_2;12;200;33502;
рандом от 0 до 5_2;0;300;353734;
рандом от 0 до 5_2;1;300;1139789;
рандом от 0 до 5_2;2;300;1116931;
рандом от 0 до 5_2;3;300;1203237;
рандом от 0 до 5_2;4;300;42200;
рандом от 0 до 5_2;5;300;113836;
рандом от 0 до 5_2;6;300;427883;
рандом от 0 до 5_2;7;300;138834;
рандом от 0 до 5_2;8;300;92692;
рандом от 0 до 5_2;9;300;36023;
рандом от 0 до 5_2;10;300;419986;
рандом от 0 до 5_2;11;300;46696;
рандом от 0 до 5_2;12;300;61911;
рандом от 0 до 5_2;0;400;612854;
рандом от 0 до 5_2;1;400;1991166;
рандом от 0 до 5_2;2;400;2402392;
рандом от 0 до 5_2;3;400;2242334;
рандом от 0 до 5_2;4;400;61003;
рандом от 0 до 5_2;5;400;167045;
рандом от 0 до 5_2;6;400;566451;
рандом от 0 до 5_2;7;400;161844;
рандом от 0 до 5_2;8;400;157395;
рандом от 0 до 5_2;9;400;41148;
рандом от 0 до 5_2;10;400;888048;
рандом от 0 до 5_2;11;400;74105;
рандом от 0 до 5_2;12;400;87946;
рандом от 0 до 5_2;0;500;1041428;
рандом от 0 до 5_2;1;500;2954080;
рандом от 0 до 5_2;2;500;2652695;
рандом от 0 до 5_2;3;500;3070004;
рандом от 0 до 5_2;4;500;58310;
рандом от 0 до 5_2;5;500;175595;
рандом от 0 до 5_2;6;500;843727;
рандом от 0 до 5_2;7;500;192625;
рандом от 0 до 5_2;8;500;178485;
рандом от 0 до 5_2;9;500;55572;
рандом от 0 до 5_2;10;500;922474;
рандом от 0 до 5_2;11;500;75786;
рандом от 0 до 5_2;12;500;87507;
рандом от 0 до 5_2;0;600;1186003;
рандом от 0 до 5_2;1;600;3578270;
рандом от 0 до 5_2;2;600;3473844;
рандом от 0 до 5_2;3;600;4164513;
рандом от 0 до 5_2;4;600;67741;
рандом от 0 до 5_2;5;600;202623;
рандом от 0 до 5_2;6;600;1094671;
рандом от 0 до 5_2;7;600;217464;
рандом от 0 до 5_2;8;600;205012;
рандом от 0 до 5_2;9;600;52148;
рандом от 0 до 5_2;10;600;1213496;
рандом от 0 до 5_2;11;600;92001;
рандом от 0 до 5_2;12;600;110917;
рандом от 0 до 5_2;0;700;1501093;
рандом от 0 до 5_2;1;700;4962112;
рандом от 0 до 5_2;2;700;4523085;
рандом от 0 до 5_2;3;700;5267098;
рандом от 0 до 5_2;4;700;72556;
рандом от 0 до 5_2;5;700;224947;
рандом от 0 до 5_2;6;700;1290313;
рандом от 0 до 5_2;7;700;219281;
рандом от 0 до 5_2;8;700;250294;
рандом от 0 до 5_2;9;700;58481;
рандом от 0 до 5_2;10;700;1981737;
рандом от 0 до 5_2;11;700;96422;
рандом от 0 до 5_2;12;700;117903;
рандом от 0 до 5_2;0;800;1851470;
рандом от 0 до 5_2;1;800;5650203;
рандом от 0 до 5_2;2;800;6206228;
рандом от 0 до 5_2;3;800;7318843;
рандом от 0 до 5_2;4;800;91736;
рандом от 0 до 5_2;5;800;280233;
рандом от 0 до 5_2;6;800;1690580;
рандом от 0 до 5_2;7;800;295094;
рандом от 0 до 5_2;8;800;351787;
рандом от 0 до 5_2;9;800;71537;
рандом от 0 до 5_2;10;800;2315893;
рандом от 0 до 5_2;11;800;127477;
рандом от 0 до 5_2;12;800;176155;
рандом от 0 до 5_2;0;900;2319985;
рандом от 0 до 5_2;1;900;7753185;
рандом от 0 до 5_2;2;900;8089369;
рандом от 0 до 5_2;3;900;9528195;
рандом от 0 до 5_2;4;900;106267;
рандом от 0 до 5_2;5;900;363383;
рандом от 0 до 5_2;6;900;2311921;
рандом от 0 до 5_2;7;900;309796;
рандом от 0 до 5_2;8;900;511072;
рандом от 0 до 5_2;9;900;74156;
рандом от 0 до 5_2;10;900;2623098;
рандом от 0 до 5_2;11;900;127684;
рандом от 0 до 5_2;12;900;162592;
рандом от 0 до 5_2;0;1000;2826104;
рандом от 0 до 5_2;1;1000;9278523;
рандом от 0 до 5_2;2;1000;9286225;
рандом от 0 до 5_2;3;1000;10517750;
рандом от 0 до 5_2;4;1000;109303;
рандом от 0 до 5_2;5;1000;392927;
рандом от 0 до 5_2;6;1000;2505184;
рандом от 0 до 5_2;7;1000;305951;
рандом от 0 до 5_2;8;1000;476910;
рандом от 0 до 5_2;9;1000;74075;
рандом от 0 до 5_2;10;1000;3092684;
рандом от 0 до 5_2;11;1000;147679;
рандом от 0 до 5_2;12;1000;178249;
рандом от 0 до 5_2;0;1100;3113846;
рандом от 0 до 5_2;1;1100;10599517;
рандом от 0 до 5_2;2;1100;11153544;
рандом от 0 до 5_2;3;1100;12715971;
рандом от 0 до 5_2;4;1100;106400;
рандом от 0 до 5_2;5;1100;368363;
рандом от 0 до 5_2;6;1100;2744997;
рандом от 0 до 5_2;7;1100;339716;
рандом от 0 до 5_2;8;1100;540470;
рандом от 0 до 5_2;9;1100;78683;
рандом от 0 до 5_2;10;1100;3814516;
рандом от 0 до 5_2;11;1100;165361;
рандом от 0 до 5_2;12;1100;196244;
рандом от 0 до 5_2;0;1200;3958264;
рандом от 0 до 5_2;1;1200;12209788;
рандом от 0 до 5_2;2;1200;13411376;
рандом от 0 до 5_2;3;1200;13956053;
рандом от 0 до 5_2;4;1200;107072;
рандом от 0 до 5_2;5;1200;470942;
рандом от 0 до 5_2;6;1200;3465101;
рандом от 0 до 5_2;7;1200;353651;
рандом от 0 до 5_2;8;1200;585409;
рандом от 0 до 5_2;9;1200;84745;
рандом от 0 до 5_2;10;1200;4873908;
рандом от 0 до 5_2;11;1200;183600;
рандом от 0 до 5_2;12;1200;211569;
рандом от 0 до 5_2;0;1300;4122726;
рандом от 0 до 5_2;1;1300;15082721;
рандом от 0 до 5_2;2;1300;14802465;
рандом от 0 до 5_2;3;1300;15926299;
рандом от 0 до 5_2;4;1300;113198;
рандом от 0 до 5_2;5;1300;449182;
рандом от 0 до 5_2;6;1300;4104901;
рандом от 0 до 5_2;7;1300;405212;
рандом от 0 до 5_2;8;1300;713168;
рандом от 0 до 5_2;9;1300;111685;
рандом от 0 до 5_2;10;1300;5062169;
рандом от 0 до 5_2;11;1300;175318;
рандом от 0 до 5_2;12;1300;225289;
рандом от 0 до 5_2;0;1400;4791185;
рандом от 0 до 5_2;1;1400;15146161;
рандом от 0 до 5_2;2;1400;16800879;
рандом от 0 до 5_2;3;1400;19130468;
рандом от 0 до 5_2;4;1400;122188;
рандом от 0 до 5_2;5;1400;511693;
рандом от 0 до 5_2;6;1400;4445037;
рандом от 0 до 5_2;7;1400;428957;
рандом от 0 до 5_2;8;1400;802181;
рандом от 0 до 5_2;9;1400;93441;
рандом от 0 до 5_2;10;1400;6266382;
рандом от 0 до 5_2;11;1400;225871;
рандом от 0 до 5_2;12;1400;275618;
рандом от 0 до 5_2;0;1500;5537702;
рандом от 0 до 5_2;1;1500;18206283;
рандом от 0 до 5_2;2;1500;18793241;
рандом от 0 до 5_2;3;1500;21582484;
рандом от 0 до 5_2;4;1500;141216;
рандом от 0 до 5_2;5;1500;472810;
рандом от 0 до 5_2;6;1500;4965232;
рандом от 0 до 5_2;7;1500;436041;
рандом от 0 до 5_2;8;1500;879043;
рандом от 0 до 5_2;9;1500;147203;
рандом от 0 до 5_2;10;1500;6394122;
рандом от 0 до 5_2;11;1500;205299;
рандом от 0 до 5_2;12;1500;238790;
рандом от 0 до 5_2;0;1600;6305112;
рандом от 0 до 5_2;1;1600;20504581;
рандом от 0 до 5_2;2;1600;23058283;
рандом от 0 до 5_2;3;1600;26116181;
рандом от 0 до 5_2;4;1600;155350;
рандом от 0 до 5_2;5;1600;521085;
рандом от 0 до 5_2;6;1600;5695374;
рандом от 0 до 5_2;7;1600;552237;
рандом от 0 до 5_2;8;1600;1063832;
рандом от 0 до 5_2;9;1600;147021;
рандом от 0 до 5_2;10;1600;7665768;
рандом от 0 до 5_2;11;1600;252768;
рандом от 0 до 5_2;12;1600;375053;
рандом от 0 до 5_2;0;1700;7624684;
рандом от 0 до 5_2;1;1700;25654612;
рандом от 0 до 5_2;2;1700;26029656;
рандом от 0 до 5_2;3;1700;28847369;
рандом от 0 до 5_2;4;1700;148270;
рандом от 0 до 5_2;5;1700;556998;
рандом от 0 до 5_2;6;1700;6144937;
рандом от 0 до 5_2;7;1700;540304;
рандом от 0 до 5_2;8;1700;1206228;
рандом от 0 до 5_2;9;1700;112951;
рандом от 0 до 5_2;10;1700;8264742;
рандом от 0 до 5_2;11;1700;250830;
рандом от 0 до 5_2;12;1700;291088;
рандом от 0 до 5_2;0;1800;7844415;
рандом от 0 до 5_2;1;1800;27324711;
рандом от 0 до 5_2;2;1800;27363814;
рандом от 0 до 5_2;3;1800;31745149;
рандом от 0 до 5_2;4;1800;184680;
рандом от 0 до 5_2;5;1800;735598;
рандом от 0 до 5_2;6;1800;7628038;
рандом от 0 до 5_2;7;1800;547209;
рандом от 0 до 5_2;8;1800;1468825;
рандом от 0 до 5_2;9;1800;135802;
рандом от 0 до 5_2;10;1800;9827078;
рандом от 0 до 5_2;11;1800;261399;
рандом от 0 до 5_2;12;1800;318712;
рандом от 0 до 5_2;0;1900;9136623;
рандом от 0 до 5_2;1;1900;29880119;
рандом от 0 до 5_2;2;1900;31914077;
рандом от 0 до 5_2;3;1900;35288835;
рандом от 0 до 5_2;4;1900;166564;
рандом от 0 до 5_2;5;1900;644348;
рандом от 0 до 5_2;6;1900;7933837;
рандом от 0 до 5_2;7;1900;748594;
рандом от 0 до 5_2;8;1900;1462519;
рандом от 0 до 5_2;9;1900;129104;
рандом от 0 до 5_2;10;1900;10489326;
рандом от 0 до 5_2;11;1900;279951;
рандом от 0 до 5_2;12;1900;327991;
рандом от 0 до 5_2;0;2000;10240982;
рандом от 0 до 5_2;1;2000;32748500;
рандом от 0 до 5_2;2;2000;33853091;
рандом от 0 до 5_2;3;2000;38191791;
рандом от 0 до 5_2;4;2000;182851;
рандом от 0 до 5_2;5;2000;657220;
рандом от 0 до 5_2;6;2000;8374845;
рандом от 0 до 5_2;7;2000;592710;
рандом от 0 до 5_2;8;2000;1486486;
рандом от 0 до 5_2;9;2000;137727;
рандом от 0 до 5_2;10;2000;10565914;
рандом от 0 до 5_2;11;2000;297768;
рандом от 0 до 5_2;12;2000;359005;
рандом от 0 до 5_2;0;2100;10674971;
рандом от 0 до 5_2;1;2100;35276316;
рандом от 0 до 5_2;2;2100;35569266;
рандом от 0 до 5_2;3;2100;42383077;
рандом от 0 до 5_2;4;2100;182970;
рандом от 0 до 5_2;5;2100;695956;
рандом от 0 до 5_2;6;2100;9429408;
рандом от 0 до 5_2;7;2100;650232;
рандом от 0 до 5_2;8;2100;1869626;
рандом от 0 до 5_2;9;2100;156802;
рандом от 0 до 5_2;10;2100;11269417;
рандом от 0 до 5_2;11;2100;312812;
рандом от 0 до 5_2;12;2100;386556;
рандом от 0 до 5_2;0;2200;12997256;
рандом от 0 до 5_2;1;2200;55380069;
рандом от 0 до 5_2;2;2200;48659075;
рандом от 0 до 5_2;3;2200;89882435;
рандом от 0 до 5_2;4;2200;314960;
рандом от 0 до 5_2;5;2200;1509589;
рандом от 0 до 5_2;6;2200;27327955;
рандом от 0 до 5_2;7;2200;1768654;
рандом от 0 до 5_2;8;2200;4305609;
рандом от 0 до 5_2;9;2200;351682;
рандом от 0 до 5_2;10;2200;31286074;
рандом от 0 до 5_2;11;2200;785768;
рандом от 0 до 5_2;12;2200;652762;
рандом от 0 до 5_2;0;2300;22246900;
рандом от 0 до 5_2;1;2300;75110066;
рандом от 0 до 5_2;2;2300;64021503;
рандом от 0 до 5_2;3;2300;72004421;
рандом от 0 до 5_2;4;2300;263171;
рандом от 0 до 5_2;5;2300;1138781;
рандом от 0 до 5_2;6;2300;13840241;
рандом от 0 до 5_2;7;2300;1016720;
рандом от 0 до 5_2;8;2300;3370738;
рандом от 0 до 5_2;9;2300;196026;
рандом от 0 до 5_2;10;2300;25245132;
рандом от 0 до 5_2;11;2300;799413;
рандом от 0 до 5_2;12;2300;756167;
рандом от 0 до 5_2;0;2400;29233209;
рандом от 0 до 5_2;1;2400;103484932;
рандом от 0 до 5_2;2;2400;105897135;
рандом от 0 до 5_2;3;2400;84179346;
рандом от 0 до 5_2;4;2400;347009;
рандом от 0 до 5_2;5;2400;1076790;
рандом от 0 до 5_2;6;2400;27682546;
рандом от 0 до 5_2;7;2400;2912861;
рандом от 0 до 5_2;8;2400;5829900;
рандом от 0 до 5_2;9;2400;190510;
рандом от 0 до 5_2;10;2400;41139859;
рандом от 0 до 5_2;11;2400;406003;
рандом от 0 до 5_2;12;2400;628293;
рандом от 0 до 5_2;0;2500;19884034;
рандом от 0 до 5_2;1;2500;104452100;
рандом от 0 до 5_2;2;2500;108166773;
рандом от 0 до 5_2;3;2500;79884416;
рандом от 0 до 5_2;4;2500;223605;
рандом от 0 до 5_2;5;2500;857912;
рандом от 0 до 5_2;6;2500;19987033;
рандом от 0 до 5_2;7;2500;973966;
рандом от 0 до 5_2;8;2500;3311094;
рандом от 0 до 5_2;9;2500;176145;
рандом от 0 до 5_2;10;2500;26568798;
рандом от 0 до 5_2;11;2500;445516;
рандом от 0 до 5_2;12;2500;629015;
рандом от 0 до 5_2;0;2600;17741899;
рандом от 0 до 5_2;1;2600;58032893;
рандом от 0 до 5_2;2;2600;58066715;
рандом от 0 до 5_2;3;2600;78400545;
рандом от 0 до 5_2;4;2600;346034;
рандом от 0 до 5_2;5;2600;1013823;
рандом от 0 до 5_2;6;2600;22635479;
рандом от 0 до 5_2;7;2600;1781247;
рандом от 0 до 5_2;8;2600;4061466;
рандом от 0 до 5_2;9;2600;217052;
рандом от 0 до 5_2;10;2600;36247579;
рандом от 0 до 5_2;11;2600;1295810;
рандом от 0 до 5_2;12;2600;636324;
рандом от 0 до 5_2;0;2700;22895053;
рандом от 0 до 5_2;1;2700;77626753;
рандом от 0 до 5_2;2;2700;62098272;
рандом от 0 до 5_2;3;2700;68369321;
рандом от 0 до 5_2;4;2700;235237;
рандом от 0 до 5_2;5;2700;920323;
рандом от 0 до 5_2;6;2700;14682380;
рандом от 0 до 5_2;7;2700;762382;
рандом от 0 до 5_2;8;2700;2589630;
рандом от 0 до 5_2;9;2700;167671;
рандом от 0 до 5_2;10;2700;17919553;
рандом от 0 до 5_2;11;2700;393505;
рандом от 0 до 5_2;12;2700;457746;
рандом от 0 до 5_2;0;2800;18041644;
рандом от 0 до 5_2;1;2800;58688291;
рандом от 0 до 5_2;2;2800;60940748;
рандом от 0 до 5_2;3;2800;70315863;
рандом от 0 до 5_2;4;2800;228156;
рандом от 0 до 5_2;5;2800;882539;
рандом от 0 до 5_2;6;2800;16451287;
рандом от 0 до 5_2;7;2800;796038;
рандом от 0 до 5_2;8;2800;2511602;
рандом от 0 до 5_2;9;2800;175805;
рандом от 0 до 5_2;10;2800;19217091;
рандом от 0 до 5_2;11;2800;409334;
рандом от 0 до 5_2;12;2800;493993;
рандом от 0 до 5_2;0;2900;19390990;
рандом от 0 до 5_2;1;2900;63351554;
рандом от 0 до 5_2;2;2900;66690959;
рандом от 0 до 5_2;3;2900;77939663;
рандом от 0 до 5_2;4;2900;239286;
рандом от 0 до 5_2;5;2900;925827;
рандом от 0 до 5_2;6;2900;17625644;
рандом от 0 до 5_2;7;2900;822524;
рандом от 0 до 5_2;8;2900;2930136;
рандом от 0 до 5_2;9;2900;179225;
рандом от 0 до 5_2;10;2900;20218606;
рандом от 0 до 5_2;11;2900;411892;
рандом от 0 до 5_2;12;2900;497383;
рандом от 0 до 5_2;0;3000;21572907;
рандом от 0 до 5_2;1;3000;67633576;
рандом от 0 до 5_2;2;3000;70305954;
рандом от 0 до 5_2;3;3000;81302630;
рандом от 0 до 5_2;4;3000;243261;
рандом от 0 до 5_2;5;3000;952898;
рандом от 0 до 5_2;6;3000;18410127;
рандом от 0 до 5_2;7;3000;887792;
рандом от 0 до 5_2;8;3000;3109113;
рандом от 0 до 5_2;9;3000;181399;
рандом от 0 до 5_2;10;3000;21750583;
рандом от 0 до 5_2;11;3000;525762;
рандом от 0 до 5_2;12;3000;519526;
рандом от 0 до 5_2;0;3100;22019186;
рандом от 0 до 5_2;1;3100;75082994;
рандом от 0 до 5_2;2;3100;75054153;
рандом от 0 до 5_2;3;3100;87005657;
рандом от 0 до 5_2;4;3100;254308;
рандом от 0 до 5_2;5;3100;1000390;
рандом от 0 до 5_2;6;3100;20005779;
рандом от 0 до 5_2;7;3100;1100908;
рандом от 0 до 5_2;8;3100;3282829;
рандом от 0 до 5_2;9;3100;192232;
рандом от 0 до 5_2;10;3100;24041661;
рандом от 0 до 5_2;11;3100;447997;
рандом от 0 до 5_2;12;3100;671363;
рандом от 0 до 5_2;0;3200;24867911;
рандом от 0 до 5_2;1;3200;79628250;
рандом от 0 до 5_2;2;3200;86001417;
рандом от 0 до 5_2;3;3200;99012754;
рандом от 0 до 5_2;4;3200;300555;
рандом от 0 до 5_2;5;3200;1254203;
рандом от 0 до 5_2;6;3200;24030669;
рандом от 0 до 5_2;7;3200;1003249;
рандом от 0 до 5_2;8;3200;3346963;
рандом от 0 до 5_2;9;3200;216375;
рандом от 0 до 5_2;10;3200;26567865;
рандом от 0 до 5_2;11;3200;461630;
рандом от 0 до 5_2;12;3200;628537;
рандом от 0 до 5_2;0;3300;26886169;
рандом от 0 до 5_2;1;3300;83020153;
рандом от 0 до 5_2;2;3300;85005983;
рандом от 0 до 5_2;3;3300;100157899;
рандом от 0 до 5_2;4;3300;262584;
рандом от 0 до 5_2;5;3300;1045197;
рандом от 0 до 5_2;6;3300;21915738;
рандом от 0 до 5_2;7;3300;964423;
рандом от 0 до 5_2;8;3300;3699893;
рандом от 0 до 5_2;9;3300;198174;
рандом от 0 до 5_2;10;3300;26114689;
рандом от 0 до 5_2;11;3300;475975;
рандом от 0 до 5_2;12;3300;564909;
рандом от 0 до 5_2;0;3400;25385726;
рандом от 0 до 5_2;1;3400;87600148;
рандом от 0 до 5_2;2;3400;91515757;
рандом от 0 до 5_2;3;3400;103141086;
рандом от 0 до 5_2;4;3400;309793;
рандом от 0 до 5_2;5;3400;1293093;
рандом от 0 до 5_2;6;3400;25765919;
рандом от 0 до 5_2;7;3400;978660;
рандом от 0 до 5_2;8;3400;3701721;
рандом от 0 до 5_2;9;3400;206024;
рандом от 0 до 5_2;10;3400;28214267;
рандом от 0 до 5_2;11;3400;573279;
рандом от 0 до 5_2;12;3400;591784;
рандом от 0 до 5_2;0;3500;27358604;
рандом от 0 до 5_2;1;3500;93512338;
рандом от 0 до 5_2;2;3500;94803561;
рандом от 0 до 5_2;3;3500;108150733;
рандом от 0 до 5_2;4;3500;285955;
рандом от 0 до 5_2;5;3500;1347259;
рандом от 0 до 5_2;6;3500;24896361;
рандом от 0 до 5_2;7;3500;1013638;
рандом от 0 до 5_2;8;3500;3899601;
рандом от 0 до 5_2;9;3500;214474;
рандом от 0 до 5_2;10;3500;29267003;
рандом от 0 до 5_2;11;3500;510766;
рандом от 0 до 5_2;12;3500;589903;
рандом от 0 до 5_2;0;3600;28260170;
рандом от 0 до 5_2;1;3600;97181980;
рандом от 0 до 5_2;2;3600;102719182;
рандом от 0 до 5_2;3;3600;116237979;
рандом от 0 до 5_2;4;3600;292271;
рандом от 0 до 5_2;5;3600;1161473;
рандом от 0 до 5_2;6;3600;25981476;
рандом от 0 до 5_2;7;3600;1271787;
рандом от 0 до 5_2;8;3600;4124278;
рандом от 0 до 5_2;9;3600;235833;
рандом от 0 до 5_2;10;3600;30970534;
рандом от 0 до 5_2;11;3600;525466;
рандом от 0 до 5_2;12;3600;678361;
рандом от 0 до 5_2;0;3700;30677596;
рандом от 0 до 5_2;1;3700;104257597;
рандом от 0 до 5_2;2;3700;105765048;
рандом от 0 до 5_2;3;3700;122643044;
рандом от 0 до 5_2;4;3700;451119;
рандом от 0 до 5_2;5;3700;1192174;
рандом от 0 до 5_2;6;3700;27578523;
рандом от 0 до 5_2;7;3700;1078655;
рандом от 0 до 5_2;8;3700;4291384;
рандом от 0 до 5_2;9;3700;223189;
рандом от 0 до 5_2;10;3700;32968747;
рандом от 0 до 5_2;11;3700;543176;
рандом от 0 до 5_2;12;3700;644239;
рандом от 0 до 5_2;0;3800;32749006;
рандом от 0 до 5_2;1;3800;108885862;
рандом от 0 до 5_2;2;3800;111748123;
рандом от 0 до 5_2;3;3800;136788394;
рандом от 0 до 5_2;4;3800;308833;
рандом от 0 до 5_2;5;3800;1240219;
рандом от 0 до 5_2;6;3800;29111410;
рандом от 0 до 5_2;7;3800;1115720;
рандом от 0 до 5_2;8;3800;4574709;
рандом от 0 до 5_2;9;3800;229537;
рандом от 0 до 5_2;10;3800;35888217;
рандом от 0 до 5_2;11;3800;559975;
рандом от 0 до 5_2;12;3800;651296;
рандом от 0 до 5_2;0;3900;34482063;
рандом от 0 до 5_2;1;3900;115433924;
рандом от 0 до 5_2;2;3900;117384018;
рандом от 0 до 5_2;3;3900;136485832;
рандом от 0 до 5_2;4;3900;308766;
рандом от 0 до 5_2;5;3900;1264888;
рандом от 0 до 5_2;6;3900;30915350;
рандом от 0 до 5_2;7;3900;1204812;
рандом от 0 до 5_2;8;3900;5016320;
рандом от 0 до 5_2;9;3900;236430;
рандом от 0 до 5_2;10;3900;36829851;
рандом от 0 до 5_2;11;3900;829748;
рандом от 0 до 5_2;12;3900;705181;
рандом от 0 до 5_2;0;4000;35674771;
рандом от 0 до 5_2;1;4000;124419300;
рандом от 0 до 5_2;2;4000;125410636;
рандом от 0 до 5_2;3;4000;142799443;
рандом от 0 до 5_2;4;4000;320419;
рандом от 0 до 5_2;5;4000;1294401;
рандом от 0 до 5_2;6;4000;32392696;
рандом от 0 до 5_2;7;4000;1380954;
рандом от 0 до 5_2;8;4000;4977817;
рандом от 0 до 5_2;9;4000;261534;
рандом от 0 до 5_2;10;4000;38845552;
рандом от 0 до 5_2;11;4000;595795;
рандом от 0 до 5_2;12;4000;947598;
рандом от 0 до 5_2;0;4100;37704920;
рандом от 0 до 5_2;1;4100;127467517;
рандом от 0 до 5_2;2;4100;130264346;
рандом от 0 до 5_2;3;4100;150877066;
рандом от 0 до 5_2;4;4100;327160;
рандом от 0 до 5_2;5;4100;1539596;
рандом от 0 до 5_2;6;4100;33607281;
рандом от 0 до 5_2;7;4100;1409792;
рандом от 0 до 5_2;8;4100;5223545;
рандом от 0 до 5_2;9;4100;253835;
рандом от 0 до 5_2;10;4100;40638759;
рандом от 0 до 5_2;11;4100;609274;
рандом от 0 до 5_2;12;4100;796391;
рандом от 0 до 4000_2;0;100;25710;
рандом от 0 до 4000_2;1;100;63535;
рандом от 0 до 4000_2;2;100;63976;
рандом от 0 до 4000_2;3;100;75820;
рандом от 0 до 4000_2;4;100;8528;
рандом от 0 до 4000_2;5;100;15738;
рандом от 0 до 4000_2;6;100;22101;
рандом от 0 до 4000_2;7;100;18322;
рандом от 0 до 4000_2;8;100;8785;
рандом от 0 до 4000_2;9;100;7820;
рандом от 0 до 4000_2;10;100;26958;
рандом от 0 до 4000_2;11;100;7529;
рандом от 0 до 4000_2;12;100;8239;
рандом от 0 до 4000_2;0;200;99605;
рандом от 0 до 4000_2;1;200;243907;
рандом от 0 до 4000_2;2;200;260495;
рандом от 0 до 4000_2;3;200;293282;
рандом от 0 до 4000_2;4;200;16358;
рандом от 0 до 4000_2;5;200;35939;
рандом от 0 до 4000_2;6;200;78876;
рандом от 0 до 4000_2;7;200;40366;
рандом от 0 до 4000_2;8;200;24261;
рандом от 0 до 4000_2;9;200;13743;
рандом от 0 до 4000_2;10;200;100409;
рандом от 0 до 4000_2;11;200;17621;
рандом от 0 до 4000_2;12;200;20833;
рандом от 0 до 4000_2;0;300;194822;
рандом от 0 до 4000_2;1;300;575484;
рандом от 0 до 4000_2;2;300;599204;
рандом от 0 до 4000_2;3;300;673386;
рандом от 0 до 4000_2;4;300;27138;
рандом от 0 до 4000_2;5;300;62220;
рандом от 0 до 4000_2;6;300;166577;
рандом от 0 до 4000_2;7;300;63522;
рандом от 0 до 4000_2;8;300;50474;
рандом от 0 до 4000_2;9;300;19690;
рандом от 0 до 4000_2;10;300;216920;
рандом от 0 до 4000_2;11;300;27635;
рандом от 0 до 4000_2;12;300;33101;
рандом от 0 до 4000_2;0;400;350760;
рандом от 0 до 4000_2;1;400;1044394;
рандом от 0 до 4000_2;2;400;1064839;
рандом от 0 до 4000_2;3;400;1234206;
рандом от 0 до 4000_2;4;400;32268;
рандом от 0 до 4000_2;5;400;107533;
рандом от 0 до 4000_2;6;400;366981;
рандом от 0 до 4000_2;7;400;88483;
рандом от 0 до 4000_2;8;400;76594;
рандом от 0 до 4000_2;9;400;25683;
рандом от 0 до 4000_2;10;400;381184;
рандом от 0 до 4000_2;11;400;40646;
рандом от 0 до 4000_2;12;400;50266;
рандом от 0 до 4000_2;0;500;752483;
рандом от 0 до 4000_2;1;500;1685992;
рандом от 0 до 4000_2;2;500;1647688;
рандом от 0 до 4000_2;3;500;2005167;
рандом от 0 до 4000_2;4;500;40155;
рандом от 0 до 4000_2;5;500;116871;
рандом от 0 до 4000_2;6;500;567887;
рандом от 0 до 4000_2;7;500;265983;
рандом от 0 до 4000_2;8;500;110117;
рандом от 0 до 4000_2;9;500;31659;
рандом от 0 до 4000_2;10;500;593288;
рандом от 0 до 4000_2;11;500;52688;
рандом от 0 до 4000_2;12;500;61458;
рандом от 0 до 4000_2;0;600;808420;
рандом от 0 до 4000_2;1;600;2407423;
рандом от 0 до 4000_2;2;600;2619983;
рандом от 0 до 4000_2;3;600;3099065;
рандом от 0 до 4000_2;4;600;48045;
рандом от 0 до 4000_2;5;600;144764;
рандом от 0 до 4000_2;6;600;692475;
рандом от 0 до 4000_2;7;600;149944;
рандом от 0 до 4000_2;8;600;151705;
рандом от 0 до 4000_2;9;600;37576;
рандом от 0 до 4000_2;10;600;855024;
рандом от 0 до 4000_2;11;600;66087;
рандом от 0 до 4000_2;12;600;81387;
рандом от 0 до 4000_2;0;700;1219906;
рандом от 0 до 4000_2;1;700;3329910;
рандом от 0 до 4000_2;2;700;3528508;
рандом от 0 до 4000_2;3;700;4160351;
рандом от 0 до 4000_2;4;700;56926;
рандом от 0 до 4000_2;5;700;172703;
рандом от 0 до 4000_2;6;700;1159837;
рандом от 0 до 4000_2;7;700;166696;
рандом от 0 до 4000_2;8;700;201629;
рандом от 0 до 4000_2;9;700;43530;
рандом от 0 до 4000_2;10;700;1162124;
рандом от 0 до 4000_2;11;700;76508;
рандом от 0 до 4000_2;12;700;92409;
рандом от 0 до 4000_2;0;800;1576290;
рандом от 0 до 4000_2;1;800;4433169;
рандом от 0 до 4000_2;2;800;4844293;
рандом от 0 до 4000_2;3;800;5542694;
рандом от 0 до 4000_2;4;800;66274;
рандом от 0 до 4000_2;5;800;207579;
рандом от 0 до 4000_2;6;800;1377110;
рандом от 0 до 4000_2;7;800;207066;
рандом от 0 до 4000_2;8;800;254571;
рандом от 0 до 4000_2;9;800;52250;
рандом от 0 до 4000_2;10;800;1505494;
рандом от 0 до 4000_2;11;800;91397;
рандом от 0 до 4000_2;12;800;121763;
рандом от 0 до 4000_2;0;900;1740226;
рандом от 0 до 4000_2;1;900;6060267;
рандом от 0 до 4000_2;2;900;5866909;
рандом от 0 до 4000_2;3;900;6911820;
рандом от 0 до 4000_2;4;900;71718;
рандом от 0 до 4000_2;5;900;239185;
рандом от 0 до 4000_2;6;900;1803914;
рандом от 0 до 4000_2;7;900;222465;
рандом от 0 до 4000_2;8;900;310607;
рандом от 0 до 4000_2;9;900;55428;
рандом от 0 до 4000_2;10;900;1960242;
рандом от 0 до 4000_2;11;900;116919;
рандом от 0 до 4000_2;12;900;168906;
рандом от 0 до 4000_2;0;1000;2159822;
рандом от 0 до 4000_2;1;1000;7277600;
рандом от 0 до 4000_2;2;1000;7038061;
рандом от 0 до 4000_2;3;1000;8601792;
рандом от 0 до 4000_2;4;1000;79630;
рандом от 0 до 4000_2;5;1000;263801;
рандом от 0 до 4000_2;6;1000;1928623;
рандом от 0 до 4000_2;7;1000;248784;
рандом от 0 до 4000_2;8;1000;362261;
рандом от 0 до 4000_2;9;1000;61407;
рандом от 0 до 4000_2;10;1000;2515820;
рандом от 0 до 4000_2;11;1000;117931;
рандом от 0 до 4000_2;12;1000;138686;
рандом от 0 до 4000_2;0;1100;2673817;
рандом от 0 до 4000_2;1;1100;8979637;
рандом от 0 до 4000_2;2;1100;8625963;
рандом от 0 до 4000_2;3;1100;10383567;
рандом от 0 до 4000_2;4;1100;111038;
рандом от 0 до 4000_2;5;1100;353949;
рандом от 0 до 4000_2;6;1100;2453542;
рандом от 0 до 4000_2;7;1100;508623;
рандом от 0 до 4000_2;8;1100;436784;
рандом от 0 до 4000_2;9;1100;67338;
рандом от 0 до 4000_2;10;1100;2846081;
рандом от 0 до 4000_2;11;1100;140766;
рандом от 0 до 4000_2;12;1100;168717;
рандом от 0 до 4000_2;0;1200;3042066;
рандом от 0 до 4000_2;1;1200;10255659;
рандом от 0 до 4000_2;2;1200;10864015;
рандом от 0 до 4000_2;3;1200;12277617;
рандом от 0 до 4000_2;4;1200;95477;
рандом от 0 до 4000_2;5;1200;329462;
рандом от 0 до 4000_2;6;1200;2933912;
рандом от 0 до 4000_2;7;1200;310843;
рандом от 0 до 4000_2;8;1200;518696;
рандом от 0 до 4000_2;9;1200;82885;
рандом от 0 до 4000_2;10;1200;3365462;
рандом от 0 до 4000_2;11;1200;144372;
рандом от 0 до 4000_2;12;1200;188768;
рандом от 0 до 4000_2;0;1300;3536876;
рандом от 0 до 4000_2;1;1300;12091708;
рандом от 0 до 4000_2;2;1300;13069233;
рандом от 0 до 4000_2;3;1300;14217328;
рандом от 0 до 4000_2;4;1300;128001;
рандом от 0 до 4000_2;5;1300;437692;
рандом от 0 до 4000_2;6;1300;3216829;
рандом от 0 до 4000_2;7;1300;336427;
рандом от 0 до 4000_2;8;1300;610966;
рандом от 0 до 4000_2;9;1300;79253;
рандом от 0 до 4000_2;10;1300;4145744;
рандом от 0 до 4000_2;11;1300;160112;
рандом от 0 до 4000_2;12;1300;211038;
рандом от 0 до 4000_2;0;1400;4244591;
рандом от 0 до 4000_2;1;1400;14151809;
рандом от 0 до 4000_2;2;1400;15078997;
рандом от 0 до 4000_2;3;1400;16650387;
рандом от 0 до 4000_2;4;1400;111453;
рандом от 0 до 4000_2;5;1400;395949;
рандом от 0 до 4000_2;6;1400;4067787;
рандом от 0 до 4000_2;7;1400;371155;
рандом от 0 до 4000_2;8;1400;680177;
рандом от 0 до 4000_2;9;1400;100753;
рандом от 0 до 4000_2;10;1400;4582678;
рандом от 0 до 4000_2;11;1400;176007;
рандом от 0 до 4000_2;12;1400;285143;
рандом от 0 до 4000_2;0;1500;4983562;
рандом от 0 до 4000_2;1;1500;17071692;
рандом от 0 до 4000_2;2;1500;16625322;
рандом от 0 до 4000_2;3;1500;19225813;
рандом от 0 до 4000_2;4;1500;119361;
рандом от 0 до 4000_2;5;1500;439905;
рандом от 0 до 4000_2;6;1500;4205069;
рандом от 0 до 4000_2;7;1500;415111;
рандом от 0 до 4000_2;8;1500;776742;
рандом от 0 до 4000_2;9;1500;95258;
рандом от 0 до 4000_2;10;1500;5474114;
рандом от 0 до 4000_2;11;1500;408563;
рандом от 0 до 4000_2;12;1500;223905;
рандом от 0 до 4000_2;0;1600;5619903;
рандом от 0 до 4000_2;1;1600;18298488;
рандом от 0 до 4000_2;2;1600;19759678;
рандом от 0 до 4000_2;3;1600;21296772;
рандом от 0 до 4000_2;4;1600;132243;
рандом от 0 до 4000_2;5;1600;470921;
рандом от 0 до 4000_2;6;1600;4904139;
рандом от 0 до 4000_2;7;1600;423014;
рандом от 0 до 4000_2;8;1600;1044968;
рандом от 0 до 4000_2;9;1600;99971;
рандом от 0 до 4000_2;10;1600;6338113;
рандом от 0 до 4000_2;11;1600;207020;
рандом от 0 до 4000_2;12;1600;279966;
рандом от 0 до 4000_2;0;1700;6125514;
рандом от 0 до 4000_2;1;1700;21282883;
рандом от 0 до 4000_2;2;1700;22579922;
рандом от 0 до 4000_2;3;1700;24828547;
рандом от 0 до 4000_2;4;1700;138886;
рандом от 0 до 4000_2;5;1700;521850;
рандом от 0 до 4000_2;6;1700;5490267;
рандом от 0 до 4000_2;7;1700;463352;
рандом от 0 до 4000_2;8;1700;1002667;
рандом от 0 до 4000_2;9;1700;107234;
рандом от 0 до 4000_2;10;1700;6887607;
рандом от 0 до 4000_2;11;1700;282015;
рандом от 0 до 4000_2;12;1700;314616;
рандом от 0 до 4000_2;0;1800;7005183;
рандом от 0 до 4000_2;1;1800;23667042;
рандом от 0 до 4000_2;2;1800;25191272;
рандом от 0 до 4000_2;3;1800;28004132;
рандом от 0 до 4000_2;4;1800;147823;
рандом от 0 до 4000_2;5;1800;552916;
рандом от 0 до 4000_2;6;1800;6314066;
рандом от 0 до 4000_2;7;1800;484122;
рандом от 0 до 4000_2;8;1800;1176106;
рандом от 0 до 4000_2;9;1800;131519;
рандом от 0 до 4000_2;10;1800;7635934;
рандом от 0 до 4000_2;11;1800;247381;
рандом от 0 до 4000_2;12;1800;292144;
рандом от 0 до 4000_2;0;1900;7989635;
рандом от 0 до 4000_2;1;1900;27105953;
рандом от 0 до 4000_2;2;1900;28038086;
рандом от 0 до 4000_2;3;1900;31960097;
рандом от 0 до 4000_2;4;1900;215338;
рандом от 0 до 4000_2;5;1900;583621;
рандом от 0 до 4000_2;6;1900;6891155;
рандом от 0 до 4000_2;7;1900;524772;
рандом от 0 до 4000_2;8;1900;1206747;
рандом от 0 до 4000_2;9;1900;118460;
рандом от 0 до 4000_2;10;1900;9045147;
рандом от 0 до 4000_2;11;1900;259743;
рандом от 0 до 4000_2;12;1900;302540;
рандом от 0 до 4000_2;0;2000;8997551;
рандом от 0 до 4000_2;1;2000;29427659;
рандом от 0 до 4000_2;2;2000;30194823;
рандом от 0 до 4000_2;3;2000;34819810;
рандом от 0 до 4000_2;4;2000;269523;
рандом от 0 до 4000_2;5;2000;727435;
рандом от 0 до 4000_2;6;2000;7927060;
рандом от 0 до 4000_2;7;2000;540927;
рандом от 0 до 4000_2;8;2000;1553410;
рандом от 0 до 4000_2;9;2000;124366;
рандом от 0 до 4000_2;10;2000;9752286;
рандом от 0 до 4000_2;11;2000;277285;
рандом от 0 до 4000_2;12;2000;328810;
рандом от 0 до 4000_2;0;2100;9799488;
рандом от 0 до 4000_2;1;2100;33178811;
рандом от 0 до 4000_2;2;2100;33394729;
рандом от 0 до 4000_2;3;2100;38005461;
рандом от 0 до 4000_2;4;2100;171657;
рандом от 0 до 4000_2;5;2100;636296;
рандом от 0 до 4000_2;6;2100;8915756;
рандом от 0 до 4000_2;7;2100;574339;
рандом от 0 до 4000_2;8;2100;1670854;
рандом от 0 до 4000_2;9;2100;129276;
рандом от 0 до 4000_2;10;2100;10639562;
рандом от 0 до 4000_2;11;2100;286782;
рандом от 0 до 4000_2;12;2100;456899;
рандом от 0 до 4000_2;0;2200;10879684;
рандом от 0 до 4000_2;1;2200;36762271;
рандом от 0 до 4000_2;2;2200;37203016;
рандом от 0 до 4000_2;3;2200;42665475;
рандом от 0 до 4000_2;4;2200;294971;
рандом от 0 до 4000_2;5;2200;659970;
рандом от 0 до 4000_2;6;2200;9536346;
рандом от 0 до 4000_2;7;2200;617100;
рандом от 0 до 4000_2;8;2200;1818492;
рандом от 0 до 4000_2;9;2200;138370;
рандом от 0 до 4000_2;10;2200;11728696;
рандом от 0 до 4000_2;11;2200;305446;
рандом от 0 до 4000_2;12;2200;426219;
рандом от 0 до 4000_2;0;2300;11562547;
рандом от 0 до 4000_2;1;2300;39393158;
рандом от 0 до 4000_2;2;2300;41076461;
рандом от 0 до 4000_2;3;2300;47059985;
рандом от 0 до 4000_2;4;2300;190173;
рандом от 0 до 4000_2;5;2300;711772;
рандом от 0 до 4000_2;6;2300;10947875;
рандом от 0 до 4000_2;7;2300;642851;
рандом от 0 до 4000_2;8;2300;1761035;
рандом от 0 до 4000_2;9;2300;143263;
рандом от 0 до 4000_2;10;2300;12938170;
рандом от 0 до 4000_2;11;2300;316944;
рандом от 0 до 4000_2;12;2300;377364;
рандом от 0 до 4000_2;0;2400;12953620;
рандом от 0 до 4000_2;1;2400;47205826;
рандом от 0 до 4000_2;2;2400;48823850;
рандом от 0 до 4000_2;3;2400;54495317;
рандом от 0 до 4000_2;4;2400;198293;
рандом от 0 до 4000_2;5;2400;859708;
рандом от 0 до 4000_2;6;2400;12056377;
рандом от 0 до 4000_2;7;2400;766881;
рандом от 0 до 4000_2;8;2400;2102275;
рандом от 0 до 4000_2;9;2400;176432;
рандом от 0 до 4000_2;10;2400;15207963;
рандом от 0 до 4000_2;11;2400;355895;
рандом от 0 до 4000_2;12;2400;487328;
рандом от 0 до 4000_2;0;2500;14228279;
рандом от 0 до 4000_2;1;2500;49062457;
рандом от 0 до 4000_2;2;2500;48048647;
рандом от 0 до 4000_2;3;2500;55350372;
рандом от 0 до 4000_2;4;2500;205872;
рандом от 0 до 4000_2;5;2500;794134;
рандом от 0 до 4000_2;6;2500;12687723;
рандом от 0 до 4000_2;7;2500;700069;
рандом от 0 до 4000_2;8;2500;2261488;
рандом от 0 до 4000_2;9;2500;158349;
рандом от 0 до 4000_2;10;2500;15451550;
рандом от 0 до 4000_2;11;2500;370331;
рандом от 0 до 4000_2;12;2500;448442;
рандом от 0 до 4000_2;0;2600;15960596;
рандом от 0 до 4000_2;1;2600;50928470;
рандом от 0 до 4000_2;2;2600;51241244;
рандом от 0 до 4000_2;3;2600;58865633;
рандом от 0 до 4000_2;4;2600;211746;
рандом от 0 до 4000_2;5;2600;808306;
рандом от 0 до 4000_2;6;2600;13542634;
рандом от 0 до 4000_2;7;2600;955995;
рандом от 0 до 4000_2;8;2600;2204164;
рандом от 0 до 4000_2;9;2600;163105;
рандом от 0 до 4000_2;10;2600;16872504;
рандом от 0 до 4000_2;11;2600;370473;
рандом от 0 до 4000_2;12;2600;459399;
рандом от 0 до 4000_2;0;2700;16563301;
рандом от 0 до 4000_2;1;2700;56890704;
рандом от 0 до 4000_2;2;2700;55840593;
рандом от 0 до 4000_2;3;2700;65558938;
рандом от 0 до 4000_2;4;2700;219848;
рандом от 0 до 4000_2;5;2700;881048;
рандом от 0 до 4000_2;6;2700;14748288;
рандом от 0 до 4000_2;7;2700;761363;
рандом от 0 до 4000_2;8;2700;2584180;
рандом от 0 до 4000_2;9;2700;172746;
рандом от 0 до 4000_2;10;2700;17893393;
рандом от 0 до 4000_2;11;2700;512431;
рандом от 0 до 4000_2;12;2700;522399;
рандом от 0 до 4000_2;0;2800;18271813;
рандом от 0 до 4000_2;1;2800;59485697;
рандом от 0 до 4000_2;2;2800;61079621;
рандом от 0 до 4000_2;3;2800;70005276;
рандом от 0 до 4000_2;4;2800;228644;
рандом от 0 до 4000_2;5;2800;897326;
рандом от 0 до 4000_2;6;2800;15905093;
рандом от 0 до 4000_2;7;2800;811495;
рандом от 0 до 4000_2;8;2800;2585303;
рандом от 0 до 4000_2;9;2800;173457;
рандом от 0 до 4000_2;10;2800;18927200;
рандом от 0 до 4000_2;11;2800;394645;
рандом от 0 до 4000_2;12;2800;515341;
рандом от 0 до 4000_2;0;2900;19555604;
рандом от 0 до 4000_2;1;2900;64190135;
рандом от 0 до 4000_2;2;2900;64138888;
рандом от 0 до 4000_2;3;2900;75112758;
рандом от 0 до 4000_2;4;2900;231384;
рандом от 0 до 4000_2;5;2900;921153;
рандом от 0 до 4000_2;6;2900;17685875;
рандом от 0 до 4000_2;7;2900;829141;
рандом от 0 до 4000_2;8;2900;2847330;
рандом от 0 до 4000_2;9;2900;178397;
рандом от 0 до 4000_2;10;2900;20667608;
рандом от 0 до 4000_2;11;2900;414145;
рандом от 0 до 4000_2;12;2900;704094;
рандом от 0 до 4000_2;0;3000;20326487;
рандом от 0 до 4000_2;1;3000;68003589;
рандом от 0 до 4000_2;2;3000;69092459;
рандом от 0 до 4000_2;3;3000;82082092;
рандом от 0 до 4000_2;4;3000;240805;
рандом от 0 до 4000_2;5;3000;954589;
рандом от 0 до 4000_2;6;3000;18398930;
рандом от 0 до 4000_2;7;3000;1012011;
рандом от 0 до 4000_2;8;3000;2879961;
рандом от 0 до 4000_2;9;3000;198639;
рандом от 0 до 4000_2;10;3000;21755066;
рандом от 0 до 4000_2;11;3000;431519;
рандом от 0 до 4000_2;12;3000;518401;
рандом от 0 до 4000_2;0;3100;21499555;
рандом от 0 до 4000_2;1;3100;72851433;
рандом от 0 до 4000_2;2;3100;74351817;
рандом от 0 до 4000_2;3;3100;85800100;
рандом от 0 до 4000_2;4;3100;298801;
рандом от 0 до 4000_2;5;3100;1169026;
рандом от 0 до 4000_2;6;3100;19765239;
рандом от 0 до 4000_2;7;3100;893512;
рандом от 0 до 4000_2;8;3100;3119502;
рандом от 0 до 4000_2;9;3100;192340;
рандом от 0 до 4000_2;10;3100;23563152;
рандом от 0 до 4000_2;11;3100;454894;
рандом от 0 до 4000_2;12;3100;543232;
рандом от 0 до 4000_2;0;3200;23004703;
рандом от 0 до 4000_2;1;3200;77715062;
рандом от 0 до 4000_2;2;3200;77834922;
рандом от 0 до 4000_2;3;3200;91202237;
рандом от 0 до 4000_2;4;3200;254654;
рандом от 0 до 4000_2;5;3200;1158107;
рандом от 0 до 4000_2;6;3200;21162010;
рандом от 0 до 4000_2;7;3200;1154342;
рандом от 0 до 4000_2;8;3200;3287790;
рандом от 0 до 4000_2;9;3200;193211;
рандом от 0 до 4000_2;10;3200;24946782;
рандом от 0 до 4000_2;11;3200;451929;
рандом от 0 до 4000_2;12;3200;623393;
рандом от 0 до 4000_2;0;3300;24599213;
рандом от 0 до 4000_2;1;3300;83263919;
рандом от 0 до 4000_2;2;3300;84185857;
рандом от 0 до 4000_2;3;3300;98153694;
рандом от 0 до 4000_2;4;3300;281255;
рандом от 0 до 4000_2;5;3300;1137329;
рандом от 0 до 4000_2;6;3300;22489803;
рандом от 0 до 4000_2;7;3300;1086805;
рандом от 0 до 4000_2;8;3300;3913204;
рандом от 0 до 4000_2;9;3300;199419;
рандом от 0 до 4000_2;10;3300;25894735;
рандом от 0 до 4000_2;11;3300;479518;
рандом от 0 до 4000_2;12;3300;563800;
рандом от 0 до 4000_2;0;3400;26089573;
рандом от 0 до 4000_2;1;3400;88771966;
рандом от 0 до 4000_2;2;3400;89240399;
рандом от 0 до 4000_2;3;3400;104026861;
рандом от 0 до 4000_2;4;3400;270314;
рандом от 0 до 4000_2;5;3400;1076474;
рандом от 0 до 4000_2;6;3400;23325041;
рандом от 0 до 4000_2;7;3400;1044570;
рандом от 0 до 4000_2;8;3400;3643361;
рандом от 0 до 4000_2;9;3400;206583;
рандом от 0 до 4000_2;10;3400;28718436;
рандом от 0 до 4000_2;11;3400;699612;
рандом от 0 до 4000_2;12;3400;587170;
рандом от 0 до 4000_2;0;3500;27457768;
рандом от 0 до 4000_2;1;3500;93189752;
рандом от 0 до 4000_2;2;3500;95443113;
рандом от 0 до 4000_2;3;3500;109161225;
рандом от 0 до 4000_2;4;3500;285148;
рандом от 0 до 4000_2;5;3500;1306626;
рандом от 0 до 4000_2;6;3500;24191751;
рандом от 0 до 4000_2;7;3500;1025002;
рандом от 0 до 4000_2;8;3500;4023516;
рандом от 0 до 4000_2;9;3500;226305;
рандом от 0 до 4000_2;10;3500;29543903;
рандом от 0 до 4000_2;11;3500;516429;
рандом от 0 до 4000_2;12;3500;722576;
рандом от 0 до 4000_2;0;3600;29175424;
рандом от 0 до 4000_2;1;3600;97082551;
рандом от 0 до 4000_2;2;3600;102167911;
рандом от 0 до 4000_2;3;3600;113918100;
рандом от 0 до 4000_2;4;3600;291125;
рандом от 0 до 4000_2;5;3600;1159693;
рандом от 0 до 4000_2;6;3600;25756487;
рандом от 0 до 4000_2;7;3600;1122396;
рандом от 0 до 4000_2;8;3600;4212260;
рандом от 0 до 4000_2;9;3600;251346;
рандом от 0 до 4000_2;10;3600;31641084;
рандом от 0 до 4000_2;11;3600;688935;
рандом от 0 до 4000_2;12;3600;699881;
рандом от 0 до 4000_2;0;3700;30043030;
рандом от 0 до 4000_2;1;3700;103696965;
рандом от 0 до 4000_2;2;3700;106458370;
рандом от 0 до 4000_2;3;3700;122357186;
рандом от 0 до 4000_2;4;3700;300401;
рандом от 0 до 4000_2;5;3700;1206232;
рандом от 0 до 4000_2;6;3700;27155514;
рандом от 0 до 4000_2;7;3700;1076720;
рандом от 0 до 4000_2;8;3700;4477252;
рандом от 0 до 4000_2;9;3700;223241;
рандом от 0 до 4000_2;10;3700;32835319;
рандом от 0 до 4000_2;11;3700;544199;
рандом от 0 до 4000_2;12;3700;671619;
рандом от 0 до 4000_2;0;3800;32856948;
рандом от 0 до 4000_2;1;3800;110106655;
рандом от 0 до 4000_2;2;3800;113288772;
рандом от 0 до 4000_2;3;3800;128705424;
рандом от 0 до 4000_2;4;3800;301854;
рандом от 0 до 4000_2;5;3800;1237577;
рандом от 0 до 4000_2;6;3800;29917194;
рандом от 0 до 4000_2;7;3800;1131323;
рандом от 0 до 4000_2;8;3800;4827082;
рандом от 0 до 4000_2;9;3800;233565;
рандом от 0 до 4000_2;10;3800;34502000;
рандом от 0 до 4000_2;11;3800;560936;
рандом от 0 до 4000_2;12;3800;658839;
рандом от 0 до 4000_2;0;3900;33869656;
рандом от 0 до 4000_2;1;3900;114897115;
рандом от 0 до 4000_2;2;3900;117198509;
рандом от 0 до 4000_2;3;3900;136780625;
рандом от 0 до 4000_2;4;3900;313312;
рандом от 0 до 4000_2;5;3900;1311228;
рандом от 0 до 4000_2;6;3900;30568087;
рандом от 0 до 4000_2;7;3900;1393558;
рандом от 0 до 4000_2;8;3900;4994664;
рандом от 0 до 4000_2;9;3900;239288;
рандом от 0 до 4000_2;10;3900;37416491;
рандом от 0 до 4000_2;11;3900;562022;
рандом от 0 до 4000_2;12;3900;646073;
рандом от 0 до 4000_2;0;4000;36816462;
рандом от 0 до 4000_2;1;4000;122197183;
рандом от 0 до 4000_2;2;4000;123852899;
рандом от 0 до 4000_2;3;4000;141908881;
рандом от 0 до 4000_2;4;4000;320927;
рандом от 0 до 4000_2;5;4000;1297341;
рандом от 0 до 4000_2;6;4000;31573561;
рандом от 0 до 4000_2;7;4000;1202097;
рандом от 0 до 4000_2;8;4000;5009581;
рандом от 0 до 4000_2;9;4000;245841;
рандом от 0 до 4000_2;10;4000;38423707;
рандом от 0 до 4000_2;11;4000;601542;
рандом от 0 до 4000_2;12;4000;754337;
рандом от 0 до 4000_2;0;4100;37759299;
рандом от 0 до 4000_2;1;4100;128400389;
рандом от 0 до 4000_2;2;4100;131236548;
рандом от 0 до 4000_2;3;4100;154338356;
рандом от 0 до 4000_2;4;4100;360305;
рандом от 0 до 4000_2;5;4100;1385119;
рандом от 0 до 4000_2;6;4100;33642741;
рандом от 0 до 4000_2;7;4100;1202550;
рандом от 0 до 4000_2;8;4100;5242835;
рандом от 0 до 4000_2;9;4100;248430;
рандом от 0 до 4000_2;10;4100;42129058;
рандом от 0 до 4000_2;11;4100;592131;
рандом от 0 до 4000_2;12;4100;801119;
почти отсортирован_2;0;100;5863;
почти отсортирован_2;1;100;29068;
почти отсортирован_2;2;100;99126;
почти отсортирован_2;3;100;651;
почти отсортирован_2;4;100;9780;
почти отсортирован_2;5;100;19581;
почти отсортирован_2;6;100;1204;
почти отсортирован_2;7;100;16903;
почти отсортирован_2;8;100;95067;
почти отсортирован_2;9;100;8089;
почти отсортирован_2;10;100;23807;
почти отсортирован_2;11;100;4708;
почти отсортирован_2;12;100;5824;
почти отсортирован_2;0;200;13822;
почти отсортирован_2;1;200;115544;
почти отсортирован_2;2;200;387430;
почти отсортирован_2;3;200;3475;
почти отсортирован_2;4;200;25036;
почти отсортирован_2;5;200;46817;
почти отсортирован_2;6;200;2878;
почти отсортирован_2;7;200;37119;
почти отсортирован_2;8;200;663263;
почти отсортирован_2;9;200;27201;
почти отсортирован_2;10;200;95148;
почти отсортирован_2;11;200;11892;
почти отсортирован_2;12;200;14593;
почти отсортирован_2;0;300;22913;
почти отсортирован_2;1;300;256434;
почти отсортирован_2;2;300;891775;
почти отсортирован_2;3;300;6471;
почти отсортирован_2;4;300;33111;
почти отсортирован_2;5;300;78160;
почти отсортирован_2;6;300;4957;
почти отсортирован_2;7;300;58946;
почти отсортирован_2;8;300;838055;
почти отсортирован_2;9;300;38765;
почти отсортирован_2;10;300;225683;
почти отсортирован_2;11;300;20178;
почти отсортирован_2;12;300;26235;
почти отсортирован_2;0;400;32447;
почти отсортирован_2;1;400;464430;
почти отсортирован_2;2;400;1560420;
почти отсортирован_2;3;400;9481;
почти отсортирован_2;4;400;40865;
почти отсортирован_2;5;400;110953;
почти отсортирован_2;6;400;7053;
почти отсортирован_2;7;400;82404;
почти отсортирован_2;8;400;1482195;
почти отсортирован_2;9;400;50351;
почти отсортирован_2;10;400;377035;
почти отсортирован_2;11;400;29384;
почти отсортирован_2;12;400;35394;
почти отсортирован_2;0;500;42246;
почти отсортирован_2;1;500;722151;
почти отсортирован_2;2;500;2443015;
почти отсортирован_2;3;500;16173;
почти отсортирован_2;4;500;83614;
почти отсортирован_2;5;500;145703;
почти отсортирован_2;6;500;9423;
почти отсортирован_2;7;500;104610;
почти отсортирован_2;8;500;2311943;
почти отсортирован_2;9;500;61914;
почти отсортирован_2;10;500;583291;
почти отсортирован_2;11;500;39075;
почти отсортирован_2;12;500;45299;
почти отсортирован_2;0;600;54299;
почти отсортирован_2;1;600;1037600;
почти отсортирован_2;2;600;3541036;
почти отсортирован_2;3;600;26401;
почти отсортирован_2;4;600;98897;
почти отсортирован_2;5;600;288096;
почти отсортирован_2;6;600;23887;
почти отсортирован_2;7;600;230739;
почти отсортирован_2;8;600;3482225;
почти отсортирован_2;9;600;76449;
почти отсортирован_2;10;600;844473;
почти отсортирован_2;11;600;54509;
почти отсортирован_2;12;600;63068;
почти отсортирован_2;0;700;72299;
почти отсортирован_2;1;700;1446381;
почти отсортирован_2;2;700;5007744;
почти отсортирован_2;3;700;1260239;
почти отсортирован_2;4;700;113074;
почти отсортирован_2;5;700;412318;
почти отсортирован_2;6;700;21127;
почти отсортирован_2;7;700;153759;
почти отсортирован_2;8;700;3391157;
почти отсортирован_2;9;700;85513;
почти отсортирован_2;10;700;1142586;
почти отсортирован_2;11;700;67515;
почти отсортирован_2;12;700;80048;
почти отсортирован_2;0;800;82203;
почти отсортирован_2;1;800;2070602;
почти отсортирован_2;2;800;6753875;
почти отсортирован_2;3;800;1328355;
почти отсортирован_2;4;800;115413;
почти отсортирован_2;5;800;260886;
почти отсортирован_2;6;800;25432;
почти отсортирован_2;7;800;179346;
почти отсортирован_2;8;800;4651085;
почти отсортирован_2;9;800;97220;
почти отсортирован_2;10;800;1494635;
почти отсортирован_2;11;800;80244;
почти отсортирован_2;12;800;91855;
почти отсортирован_2;0;900;98492;
почти отсортирован_2;1;900;2418241;
почти отсортирован_2;2;900;8253454;
почти отсортирован_2;3;900;1282602;
почти отсортирован_2;4;900;123356;
почти отсортирован_2;5;900;475131;
почти отсортирован_2;6;900;40337;
почти отсортирован_2;7;900;203091;
почти отсортирован_2;8;900;6242210;
почти отсортирован_2;9;900;110158;
почти отсортирован_2;10;900;1944094;
почти отсортирован_2;11;900;95625;
почти отсортирован_2;12;900;98306;
почти отсортирован_2;0;1000;109816;
почти отсортирован_2;1;1000;3190284;
почти отсортирован_2;2;1000;9905728;
почти отсортирован_2;3;1000;1811226;
почти отсортирован_2;4;1000;130420;
почти отсортирован_2;5;1000;326197;
почти отсортирован_2;6;1000;35853;
почти отсортирован_2;7;1000;236676;
почти отсортирован_2;8;1000;5885535;
почти отсортирован_2;9;1000;137690;
почти отсортирован_2;10;1000;2668039;
почти отсортирован_2;11;1000;117409;
почти отсортирован_2;12;1000;124268;
почти отсортирован_2;0;1100;132245;
почти отсортирован_2;1;1100;3873770;
почти отсортирован_2;2;1100;12957736;
почти отсортирован_2;3;1100;1720242;
почти отсортирован_2;4;1100;152221;
почти отсортирован_2;5;1100;396546;
почти отсортирован_2;6;1100;43256;
почти отсортирован_2;7;1100;284190;
почти отсортирован_2;8;1100;9227150;
почти отсортирован_2;9;1100;201265;
почти отсортирован_2;10;1100;3664438;
почти отсортирован_2;11;1100;181303;
почти отсортирован_2;12;1100;182892;
почти отсортирован_2;0;1200;214226;
почти отсортирован_2;1;1200;5256056;
почти отсортирован_2;2;1200;14846645;
почти отсортирован_2;3;1200;1644398;
почти отсортирован_2;4;1200;147628;
почти отсортирован_2;5;1200;398856;
почти отсортирован_2;6;1200;43525;
почти отсортирован_2;7;1200;292403;
почти отсортирован_2;8;1200;10404767;
почти отсортирован_2;9;1200;143842;
почти отсортирован_2;10;1200;3715357;
почти отсортирован_2;11;1200;148614;
почти отсортирован_2;12;1200;251335;
почти отсортирован_2;0;1300;158132;
почти отсортирован_2;1;1300;5351657;
почти отсортирован_2;2;1300;16739392;
почти отсортирован_2;3;1300;1588624;
почти отсортирован_2;4;1300;156034;
почти отсортирован_2;5;1300;436897;
почти отсортирован_2;6;1300;47354;
почти отсортирован_2;7;1300;307625;
почти отсортирован_2;8;1300;12271492;
почти отсортирован_2;9;1300;154553;
почти отсортирован_2;10;1300;4165429;
почти отсортирован_2;11;1300;146432;
почти отсортирован_2;12;1300;162353;
почти отсортирован_2;0;1400;158674;
почти отсортирован_2;1;1400;5860251;
почти отсортирован_2;2;1400;19661871;
почти отсортирован_2;3;1400;1599431;
почти отсортирован_2;4;1400;163989;
почти отсортирован_2;5;1400;475951;
почти отсортирован_2;6;1400;53546;
почти отсортирован_2;7;1400;365760;
почти отсортирован_2;8;1400;14912285;
почти отсортирован_2;9;1400;167209;
почти отсортирован_2;10;1400;5448201;
почти отсортирован_2;11;1400;159958;
почти отсортирован_2;12;1400;185577;
почти отсортирован_2;0;1500;171804;
почти отсортирован_2;1;1500;6787792;
почти отсортирован_2;2;1500;23819188;
почти отсортирован_2;3;1500;1777342;
почти отсортирован_2;4;1500;196633;
почти отсортирован_2;5;1500;515422;
почти отсортирован_2;6;1500;56255;
почти отсортирован_2;7;1500;372299;
почти отсортирован_2;8;1500;17465994;
почти отсортирован_2;9;1500;210145;
почти отсортирован_2;10;1500;5486508;
почти отсортирован_2;11;1500;175690;
почти отсортирован_2;12;1500;202220;
почти отсортирован_2;0;1600;197315;
почти отсортирован_2;1;1600;7429400;
почти отсортирован_2;2;1600;26299072;
почти отсортирован_2;3;1600;1675098;
почти отсортирован_2;4;1600;228429;
почти отсортирован_2;5;1600;577192;
почти отсортирован_2;6;1600;61156;
почти отсортирован_2;7;1600;393721;
почти отсортирован_2;8;1600;21054074;
почти отсортирован_2;9;1600;210468;
почти отсортирован_2;10;1600;6311912;
почти отсортирован_2;11;1600;186410;
почти отсортирован_2;12;1600;205392;
почти отсортирован_2;0;1700;202434;
почти отсортирован_2;1;1700;8447953;
почти отсортирован_2;2;1700;29143990;
почти отсортирован_2;3;1700;1628548;
почти отсортирован_2;4;1700;185749;
почти отсортирован_2;5;1700;592566;
почти отсортирован_2;6;1700;64785;
почти отсортирован_2;7;1700;416712;
почти отсортирован_2;8;1700;23379931;
почти отсортирован_2;9;1700;207818;
почти отсортирован_2;10;1700;6947961;
почти отсортирован_2;11;1700;202072;
почти отсортирован_2;12;1700;223362;
почти отсортирован_2;0;1800;217129;
почти отсортирован_2;1;1800;9547082;
почти отсортирован_2;2;1800;33758567;
почти отсортирован_2;3;1800;1650495;
почти отсортирован_2;4;1800;194523;
почти отсортирован_2;5;1800;643984;
почти отсортирован_2;6;1800;68511;
почти отсортирован_2;7;1800;441874;
почти отсортирован_2;8;1800;27116144;
почти отсортирован_2;9;1800;218119;
почти отсортирован_2;10;1800;7666820;
почти отсортирован_2;11;1800;218454;
почти отсортирован_2;12;1800;221909;
почти отсортирован_2;0;1900;230460;
почти отсортирован_2;1;1900;10397748;
почти отсортирован_2;2;1900;36164249;
почти отсортирован_2;3;1900;1650765;
почти отсортирован_2;4;1900;202074;
почти отсортирован_2;5;1900;671739;
почти отсортирован_2;6;1900;72445;
почти отсортирован_2;7;1900;467150;
почти отсортирован_2;8;1900;30539082;
почти отсортирован_2;9;1900;275445;
почти отсортирован_2;10;1900;8501027;
почти отсортирован_2;11;1900;224258;
почти отсортирован_2;12;1900;254280;
почти отсортирован_2;0;2000;430839;
почти отсортирован_2;1;2000;11701266;
почти отсортирован_2;2;2000;39962944;
почти отсортирован_2;3;2000;1651465;
почти отсортирован_2;4;2000;219725;
почти отсортирован_2;5;2000;727305;
почти отсортирован_2;6;2000;79076;
почти отсортирован_2;7;2000;493344;
почти отсортирован_2;8;2000;33879801;
почти отсортирован_2;9;2000;240209;
почти отсортирован_2;10;2000;9458100;
почти отсортирован_2;11;2000;240674;
почти отсортирован_2;12;2000;273583;
почти отсортирован_2;0;2100;255868;
почти отсортирован_2;1;2100;12968924;
почти отсортирован_2;2;2100;46658966;
почти отсортирован_2;3;2100;1744120;
почти отсортирован_2;4;2100;221029;
почти отсортирован_2;5;2100;772997;
почти отсортирован_2;6;2100;89127;
почти отсортирован_2;7;2100;536912;
почти отсортирован_2;8;2100;37899647;
почти отсортирован_2;9;2100;254171;
почти отсортирован_2;10;2100;10426952;
почти отсортирован_2;11;2100;280125;
почти отсортирован_2;12;2100;299524;
почти отсортирован_2;0;2200;270956;
почти отсортирован_2;1;2200;14321573;
почти отсортирован_2;2;2200;49592792;
почти отсортирован_2;3;2200;1664578;
почти отсортирован_2;4;2200;229008;
почти отсортирован_2;5;2200;808337;
почти отсортирован_2;6;2200;92906;
почти отсортирован_2;7;2200;546356;
почти отсортирован_2;8;2200;42303406;
почти отсортирован_2;9;2200;266699;
почти отсортирован_2;10;2200;11350854;
почти отсортирован_2;11;2200;266502;
почти отсортирован_2;12;2200;308041;
почти отсортирован_2;0;2300;295516;
почти отсортирован_2;1;2300;15460193;
почти отсортирован_2;2;2300;53193874;
почти отсортирован_2;3;2300;1682878;
почти отсортирован_2;4;2300;236988;
почти отсортирован_2;5;2300;829915;
почти отсортирован_2;6;2300;88910;
почти отсортирован_2;7;2300;806738;
почти отсортирован_2;8;2300;46589311;
почти отсортирован_2;9;2300;279914;
почти отсортирован_2;10;2300;12915463;
почти отсортирован_2;11;2300;279053;
почти отсортирован_2;12;2300;348007;
почти отсортирован_2;0;2400;296981;
почти отсортирован_2;1;2400;16709841;
почти отсортирован_2;2;2400;57935376;
почти отсортирован_2;3;2400;1714770;
почти отсортирован_2;4;2400;245336;
почти отсортирован_2;5;2400;873267;
почти отсортирован_2;6;2400;92921;
почти отсортирован_2;7;2400;617097;
почти отсортирован_2;8;2400;50763376;
почти отсортирован_2;9;2400;294985;
почти отсортирован_2;10;2400;13384203;
почти отсортирован_2;11;2400;291912;
почти отсортирован_2;12;2400;337744;
почти отсортирован_2;0;2500;314504;
почти отсортирован_2;1;2500;18393396;
почти отсортирован_2;2;2500;63117141;
почти отсортирован_2;3;2500;1780057;
почти отсортирован_2;4;2500;251678;
почти отсортирован_2;5;2500;924022;
почти отсортирован_2;6;2500;96883;
почти отсортирован_2;7;2500;632777;
почти отсортирован_2;8;2500;55000254;
почти отсортирован_2;9;2500;301531;
почти отсортирован_2;10;2500;14561223;
почти отсортирован_2;11;2500;302052;
почти отсортирован_2;12;2500;355226;
почти отсортирован_2;0;2600;381110;
почти отсортирован_2;1;2600;20385747;
почти отсортирован_2;2;2600;68506695;
почти отсортирован_2;3;2600;1708033;
почти отсортирован_2;4;2600;260610;
почти отсортирован_2;5;2600;1041575;
почти отсортирован_2;6;2600;139476;
почти отсортирован_2;7;2600;754486;
почти отсортирован_2;8;2600;60613918;
почти отсортирован_2;9;2600;318764;
почти отсортирован_2;10;2600;16575803;
почти отсортирован_2;11;2600;313890;
почти отсортирован_2;12;2600;364950;
почти отсортирован_2;0;2700;339635;
почти отсортирован_2;1;2700;21195767;
почти отсортирован_2;2;2700;73497650;
почти отсортирован_2;3;2700;1881207;
почти отсортирован_2;4;2700;264412;
почти отсортирован_2;5;2700;1011205;
почти отсортирован_2;6;2700;104790;
почти отсортирован_2;7;2700;689375;
почти отсортирован_2;8;2700;66408751;
почти отсортирован_2;9;2700;324102;
почти отсортирован_2;10;2700;17410619;
почти отсортирован_2;11;2700;327281;
почти отсортирован_2;12;2700;507350;
почти отсортирован_2;0;2800;350954;
почти отсортирован_2;1;2800;24005092;
почти отсортирован_2;2;2800;80631352;
почти отсортирован_2;3;2800;1764048;
почти отсортирован_2;4;2800;272131;
почти отсортирован_2;5;2800;1045474;
почти отсортирован_2;6;2800;108747;
почти отсортирован_2;7;2800;716118;
почти отсортирован_2;8;2800;70378272;
почти отсортирован_2;9;2800;341939;
почти отсортирован_2;10;2800;18607573;
почти отсортирован_2;11;2800;340253;
почти отсортирован_2;12;2800;421216;
почти отсортирован_2;0;2900;369222;
почти отсортирован_2;1;2900;25668382;
почти отсортирован_2;2;2900;85146815;
почти отсортирован_2;3;2900;1724223;
почти отсортирован_2;4;2900;291022;
почти отсортирован_2;5;2900;1073668;
почти отсортирован_2;6;2900;112393;
почти отсортирован_2;7;2900;776707;
почти отсортирован_2;8;2900;76460741;
почти отсортирован_2;9;2900;350733;
почти отсортирован_2;10;2900;19739371;
почти отсортирован_2;11;2900;351148;
почти отсортирован_2;12;2900;421773;
почти отсортирован_2;0;3000;381052;
почти отсортирован_2;1;3000;25942291;
почти отсортирован_2;2;3000;90851925;
почти отсортирован_2;3;3000;1920755;
почти отсортирован_2;4;3000;329588;
почти отсортирован_2;5;3000;1129313;
почти отсортирован_2;6;3000;130707;
почти отсортирован_2;7;3000;822833;
почти отсортирован_2;8;3000;81314738;
почти отсортирован_2;9;3000;355375;
почти отсортирован_2;10;3000;21091575;
почти отсортирован_2;11;3000;379358;
почти отсортирован_2;12;3000;435304;
почти отсортирован_2;0;3100;394493;
почти отсортирован_2;1;3100;28889068;
почти отсортирован_2;2;3100;96740420;
почти отсортирован_2;3;3100;1745140;
почти отсортирован_2;4;3100;300425;
почти отсортирован_2;5;3100;1172944;
почти отсортирован_2;6;3100;121499;
почти отсортирован_2;7;3100;809449;
почти отсортирован_2;8;3100;87336980;
почти отсортирован_2;9;3100;375120;
почти отсортирован_2;10;3100;22706350;
почти отсортирован_2;11;3100;407208;
почти отсортирован_2;12;3100;439546;
почти отсортирован_2;0;3200;419719;
почти отсортирован_2;1;3200;30282493;
почти отсортирован_2;2;3200;102914212;
почти отсортирован_2;3;3200;1739105;
почти отсортирован_2;4;3200;306844;
почти отсортирован_2;5;3200;1217667;
почти отсортирован_2;6;3200;122747;
почти отсортирован_2;7;3200;846947;
почти отсортирован_2;8;3200;93684372;
почти отсортирован_2;9;3200;376232;
почти отсортирован_2;10;3200;24191948;
почти отсортирован_2;11;3200;378679;
почти отсортирован_2;12;3200;438242;
почти отсортирован_2;0;3300;671064;
почти отсортирован_2;1;3300;32003779;
почти отсортирован_2;2;3300;108943691;
почти отсортирован_2;3;3300;32033163;
почти отсортирован_2;4;3300;338272;
почти отсортирован_2;5;3300;1392633;
почти отсортирован_2;6;3300;214275;
почти отсортирован_2;7;3300;852939;
почти отсортирован_2;8;3300;75745006;
почти отсортирован_2;9;3300;386427;
почти отсортирован_2;10;3300;25699949;
почти отсортирован_2;11;3300;412730;
почти отсортирован_2;12;3300;490478;
почти отсортирован_2;0;3400;479307;
почти отсортирован_2;1;3400;34170015;
почти отсортирован_2;2;3400;116173432;
почти отсортирован_2;3;3400;34542896;
почти отсортирован_2;4;3400;323728;
почти отсортирован_2;5;3400;1496155;
почти отсортирован_2;6;3400;181257;
почти отсортирован_2;7;3400;950015;
почти отсортирован_2;8;3400;71716942;
почти отсортирован_2;9;3400;609577;
почти отсортирован_2;10;3400;27103393;
почти отсортирован_2;11;3400;431177;
почти отсортирован_2;12;3400;552668;
почти отсортирован_2;0;3500;495187;
почти отсортирован_2;1;3500;35925861;
почти отсортирован_2;2;3500;124149308;
почти отсортирован_2;3;3500;33740970;
почти отсортирован_2;4;3500;337430;
почти отсортирован_2;5;3500;1324144;
почти отсортирован_2;6;3500;195000;
почти отсортирован_2;7;3500;907437;
почти отсортирован_2;8;3500;77580774;
почти отсортирован_2;9;3500;418902;
почти отсортирован_2;10;3500;29018163;
почти отсортирован_2;11;3500;462619;
почти отсортирован_2;12;3500;487266;
почти отсортирован_2;0;3600;506583;
почти отсортирован_2;1;3600;38014567;
почти отсортирован_2;2;3600;131481765;
почти отсортирован_2;3;3600;33530117;
почти отсортирован_2;4;3600;341292;
почти отсортирован_2;5;3600;1375323;
почти отсортирован_2;6;3600;184869;
почти отсортирован_2;7;3600;936703;
почти отсортирован_2;8;3600;85503974;
почти отсортирован_2;9;3600;425529;
почти отсортирован_2;10;3600;31210032;
почти отсортирован_2;11;3600;460822;
почти отсортирован_2;12;3600;509212;
почти отсортирован_2;0;3700;526586;
почти отсортирован_2;1;3700;40123970;
почти отсортирован_2;2;3700;136877444;
почти отсортирован_2;3;3700;33977616;
почти отсортирован_2;4;3700;344040;
почти отсортирован_2;5;3700;1566691;
почти отсортирован_2;6;3700;213430;
почти отсортирован_2;7;3700;994205;
почти отсортирован_2;8;3700;92236714;
почти отсортирован_2;9;3700;457735;
почти отсортирован_2;10;3700;32283998;
почти отсортирован_2;11;3700;468402;
почти отсортирован_2;12;3700;534317;
почти отсортирован_2;0;3800;576367;
почти отсортирован_2;1;3800;42137279;
почти отсортирован_2;2;3800;146112188;
почти отсортирован_2;3;3800;45146582;
почти отсортирован_2;4;3800;354031;
почти отсортирован_2;5;3800;1506489;
почти отсортирован_2;6;3800;220162;
почти отсортирован_2;7;3800;1229581;
почти отсортирован_2;8;3800;94671173;
почти отсортирован_2;9;3800;451572;
почти отсортирован_2;10;3800;34227320;
почти отсортирован_2;11;3800;502310;
почти отсортирован_2;12;3800;570573;
почти отсортирован_2;0;3900;663579;
почти отсортирован_2;1;3900;44485621;
почти отсортирован_2;2;3900;153456722;
почти отсортирован_2;3;3900;44153422;
почти отсортирован_2;4;3900;367741;
почти отсортирован_2;5;3900;1627667;
почти отсортирован_2;6;3900;223861;
почти отсортирован_2;7;3900;1074381;
почти отсортирован_2;8;3900;101140835;
почти отсортирован_2;9;3900;456520;
почти отсортирован_2;10;3900;35798843;
почти отсортирован_2;11;3900;497219;
почти отсортирован_2;12;3900;612458;
почти отсортирован_2;0;4000;590769;
почти отсортирован_2;1;4000;47445330;
почти отсортирован_2;2;4000;161649199;
почти отсортирован_2;3;4000;44640967;
почти отсортирован_2;4;4000;371638;
почти отсортирован_2;5;4000;1550944;
почти отсортирован_2;6;4000;223881;
почти отсортирован_2;7;4000;1066592;
почти отсортирован_2;8;4000;108751249;
почти отсортирован_2;9;4000;468478;
почти отсортирован_2;10;4000;38800928;
почти отсортирован_2;11;4000;522336;
почти отсортирован_2;12;4000;594099;
почти отсортирован_2;0;4100;583896;
почти отсортирован_2;1;4100;49905777;
почти отсортирован_2;2;4100;170225641;
почти отсортирован_2;3;4100;44127816;
почти отсортирован_2;4;4100;387602;
почти отсортирован_2;5;4100;1591223;
почти отсортирован_2;6;4100;217350;
почти отсортирован_2;7;4100;1154765;
почти отсортирован_2;8;4100;118660321;
почти отсортирован_2;9;4100;492518;
почти отсортирован_2;10;4100;39409983;
почти отсортирован_2;11;4100;551222;
почти отсортирован_2;12;4100;600648;
обратно отсортирован_2;0;100;48761;
обратно отсортирован_2;1;100;92830;
обратно отсортирован_2;2;100;605;
обратно отсортирован_2;3;100;120475;
обратно отсортирован_2;4;100;9765;
обратно отсортирован_2;5;100;17107;
обратно отсортирован_2;6;100;47713;
обратно отсортирован_2;7;100;16901;
обратно отсортирован_2;8;100;58923;
обратно отсортирован_2;9;100;15227;
обратно отсортирован_2;10;100;27997;
обратно отсортирован_2;11;100;7604;
обратно отсортирован_2;12;100;8859;
обратно отсортирован_2;0;200;181918;
обратно отсортирован_2;1;200;372463;
обратно отсортирован_2;2;200;1167;
обратно отсортирован_2;3;200;478822;
обратно отсортирован_2;4;200;18909;
обратно отсортирован_2;5;200;39214;
обратно отсортирован_2;6;200;185608;
обратно отсортирован_2;7;200;37649;
обратно отсортирован_2;8;200;224924;
обратно отсортирован_2;9;200;26773;
обратно отсортирован_2;10;200;105781;
обратно отсортирован_2;11;200;16763;
обратно отсортирован_2;12;200;20324;
обратно отсортирован_2;0;300;422142;
обратно отсортирован_2;1;300;818515;
обратно отсортирован_2;2;300;1741;
обратно отсортирован_2;3;300;1090503;
обратно отсортирован_2;4;300;28343;
обратно отсортирован_2;5;300;67404;
обратно отсортирован_2;6;300;416993;
обратно отсортирован_2;7;300;58112;
обратно отсортирован_2;8;300;520114;
обратно отсортирован_2;9;300;42039;
обратно отсортирован_2;10;300;241620;
обратно отсортирован_2;11;300;27049;
обратно отсортирован_2;12;300;35792;
обратно отсортирован_2;0;400;706418;
обратно отсортирован_2;1;400;1469955;
обратно отсортирован_2;2;400;2314;
обратно отсортирован_2;3;400;2019743;
обратно отсортирован_2;4;400;37433;
обратно отсортирован_2;5;400;96372;
обратно отсортирован_2;6;400;757913;
обратно отсортирован_2;7;400;82457;
обратно отсортирован_2;8;400;952978;
обратно отсортирован_2;9;400;67174;
обратно отсортирован_2;10;400;481324;
обратно отсортирован_2;11;400;37974;
обратно отсортирован_2;12;400;54313;
обратно отсортирован_2;0;500;1255686;
обратно отсортирован_2;1;500;2472169;
обратно отсортирован_2;2;500;2891;
обратно отсортирован_2;3;500;3195626;
обратно отсортирован_2;4;500;46780;
обратно отсортирован_2;5;500;150967;
обратно отсортирован_2;6;500;1155813;
обратно отсортирован_2;7;500;102648;
обратно отсортирован_2;8;500;1410016;
обратно отсортирован_2;9;500;61547;
обратно отсортирован_2;10;500;661290;
обратно отсортирован_2;11;500;50635;
обратно отсортирован_2;12;500;63348;
обратно отсортирован_2;0;600;1597583;
обратно отсортирован_2;1;600;3410382;
обратно отсортирован_2;2;600;3453;
обратно отсортирован_2;3;600;4353391;
обратно отсортирован_2;4;600;55890;
обратно отсортирован_2;5;600;157342;
обратно отсортирован_2;6;600;1822500;
обратно отсортирован_2;7;600;126935;
обратно отсортирован_2;8;600;2001109;
обратно отсортирован_2;9;600;73122;
обратно отсортирован_2;10;600;971919;
обратно отсортирован_2;11;600;62715;
обратно отсортирован_2;12;600;78641;
обратно отсортирован_2;0;700;2287070;
обратно отсортирован_2;1;700;4519789;
обратно отсортирован_2;2;700;4028;
обратно отсортирован_2;3;700;5932621;
обратно отсортирован_2;4;700;65193;
обратно отсортирован_2;5;700;188142;
обратно отсортирован_2;6;700;2284579;
обратно отсортирован_2;7;700;230221;
обратно отсортирован_2;8;700;2738653;
обратно отсортирован_2;9;700;85529;
обратно отсортирован_2;10;700;1274462;
обратно отсортирован_2;11;700;75894;
обратно отсортирован_2;12;700;94807;
обратно отсортирован_2;0;800;2791601;
обратно отсортирован_2;1;800;6123341;
обратно отсортирован_2;2;800;4598;
обратно отсортирован_2;3;800;7835317;
обратно отсортирован_2;4;800;74387;
обратно отсортирован_2;5;800;223810;
обратно отсортирован_2;6;800;2991823;
обратно отсортирован_2;7;800;175190;
обратно отсортирован_2;8;800;3647089;
обратно отсортирован_2;9;800;96166;
обратно отсортирован_2;10;800;1663408;
обратно отсортирован_2;11;800;86319;
обратно отсортирован_2;12;800;113910;
обратно отсортирован_2;0;900;3656476;
обратно отсортирован_2;1;900;7872252;
обратно отсортирован_2;2;900;5175;
обратно отсортирован_2;3;900;10046736;
обратно отсортирован_2;4;900;83384;
обратно отсортирован_2;5;900;256173;
обратно отсортирован_2;6;900;3810636;
обратно отсортирован_2;7;900;200874;
обратно отсортирован_2;8;900;4493358;
обратно отсортирован_2;9;900;107776;
обратно отсортирован_2;10;900;2096096;
обратно отсортирован_2;11;900;101978;
обратно отсортирован_2;12;900;123051;
обратно отсортирован_2;0;1000;4561660;
обратно отсортирован_2;1;1000;9811904;
обратно отсортирован_2;2;1000;5745;
обратно отсортирован_2;3;1000;12365867;
обратно отсортирован_2;4;1000;92651;
обратно отсортирован_2;5;1000;292877;
обратно отсортирован_2;6;1000;4720679;
обратно отсортирован_2;7;1000;222326;
обратно отсортирован_2;8;1000;5531431;
обратно отсортирован_2;9;1000;119325;
обратно отсортирован_2;10;1000;2673057;
обратно отсортирован_2;11;1000;111154;
обратно отсортирован_2;12;1000;140198;
обратно отсортирован_2;0;1100;5679580;
обратно отсортирован_2;1;1100;11314657;
обратно отсортирован_2;2;1100;6312;
обратно отсортирован_2;3;1100;14873407;
обратно отсортирован_2;4;1100;101938;
обратно отсортирован_2;5;1100;325036;
обратно отсортирован_2;6;1100;5975370;
обратно отсортирован_2;7;1100;249779;
обратно отсортирован_2;8;1100;6709080;
обратно отсортирован_2;9;1100;130916;
обратно отсортирован_2;10;1100;3149498;
обратно отсортирован_2;11;1100;126721;
обратно отсортирован_2;12;1100;160826;
обратно отсортирован_2;0;1200;6274500;
обратно отсортирован_2;1;1200;14170870;
обратно отсортирован_2;2;1200;6881;
обратно отсортирован_2;3;1200;17782056;
обратно отсортирован_2;4;1200;111119;
обратно отсортирован_2;5;1200;377528;
обратно отсортирован_2;6;1200;6663825;
обратно отсортирован_2;7;1200;274314;
обратно отсортирован_2;8;1200;8347958;
обратно отсортирован_2;9;1200;142955;
обратно отсортирован_2;10;1200;3761027;
обратно отсортирован_2;11;1200;135733;
обратно отсортирован_2;12;1200;176512;
обратно отсортирован_2;0;1300;7553072;
обратно отсортирован_2;1;1300;22111361;
обратно отсортирован_2;2;1300;7457;
обратно отсортирован_2;3;1300;20565514;
обратно отсортирован_2;4;1300;121313;
обратно отсортирован_2;5;1300;401403;
обратно отсортирован_2;6;1300;8188342;
обратно отсортирован_2;7;1300;298928;
обратно отсортирован_2;8;1300;9994749;
обратно отсортирован_2;9;1300;154140;
обратно отсортирован_2;10;1300;4577763;
обратно отсортирован_2;11;1300;159713;
обратно отсортирован_2;12;1300;194175;
обратно отсортирован_2;0;1400;8956424;
обратно отсортирован_2;1;1400;18871067;
обратно отсортирован_2;2;1400;8203;
обратно отсортирован_2;3;1400;24660630;
обратно отсортирован_2;4;1400;130909;
обратно отсортирован_2;5;1400;455281;
обратно отсортирован_2;6;1400;9107829;
обратно отсортирован_2;7;1400;348513;
обратно отсортирован_2;8;1400;11180971;
обратно отсортирован_2;9;1400;168193;
обратно отсортирован_2;10;1400;5065583;
обратно отсортирован_2;11;1400;169222;
обратно отсортирован_2;12;1400;214028;
обратно отсортирован_2;0;1500;9990431;
обратно отсортирован_2;1;1500;21145251;
обратно отсортирован_2;2;1500;8590;
обратно отсортирован_2;3;1500;27901196;
обратно отсортирован_2;4;1500;138927;
обратно отсортирован_2;5;1500;488805;
обратно отсортирован_2;6;1500;10614257;
обратно отсортирован_2;7;1500;350478;
обратно отсортирован_2;8;1500;12597246;
обратно отсортирован_2;9;1500;181369;
обратно отсортирован_2;10;1500;6076368;
обратно отсортирован_2;11;1500;184369;
обратно отсортирован_2;12;1500;248335;
обратно отсортирован_2;0;1600;11276591;
обратно отсортирован_2;1;1600;23996410;
обратно отсортирован_2;2;1600;9369;
обратно отсортирован_2;3;1600;32744445;
обратно отсортирован_2;4;1600;185992;
обратно отсортирован_2;5;1600;674715;
обратно отсортирован_2;6;1600;14438455;
обратно отсортирован_2;7;1600;467283;
обратно отсортирован_2;8;1600;16708512;
обратно отсортирован_2;9;1600;206037;
обратно отсортирован_2;10;1600;7221927;
обратно отсортирован_2;11;1600;206426;
обратно отсортирован_2;12;1600;261310;
обратно отсортирован_2;0;1700;12935032;
обратно отсортирован_2;1;1700;28882605;
обратно отсортирован_2;2;1700;10463;
обратно отсортирован_2;3;1700;36030749;
обратно отсортирован_2;4;1700;158559;
обратно отсортирован_2;5;1700;544562;
обратно отсортирован_2;6;1700;13844567;
обратно отсортирован_2;7;1700;401935;
обратно отсортирован_2;8;1700;16303270;
обратно отсортирован_2;9;1700;206219;
обратно отсортирован_2;10;1700;7702551;
обратно отсортирован_2;11;1700;213551;
обратно отсортирован_2;12;1700;271257;
обратно отсортирован_2;0;1800;14912844;
обратно отсортирован_2;1;1800;31109074;
обратно отсортирован_2;2;1800;11025;
обратно отсортирован_2;3;1800;40436747;
обратно отсортирован_2;4;1800;166797;
обратно отсортирован_2;5;1800;583929;
обратно отсортирован_2;6;1800;15391663;
обратно отсортирован_2;7;1800;436548;
обратно отсортирован_2;8;1800;18698119;
обратно отсортирован_2;9;1800;213604;
обратно отсортирован_2;10;1800;8462425;
обратно отсортирован_2;11;1800;252744;
обратно отсортирован_2;12;1800;285536;
обратно отсортирован_2;0;1900;16035249;
обратно отсортирован_2;1;1900;33817228;
обратно отсортирован_2;2;1900;11748;
обратно отсортирован_2;3;1900;46024165;
обратно отсортирован_2;4;1900;177036;
обратно отсортирован_2;5;1900;639771;
обратно отсортирован_2;6;1900;17718369;
обратно отсортирован_2;7;1900;464377;
обратно отсортирован_2;8;1900;20634484;
обратно отсортирован_2;9;1900;233017;
обратно отсортирован_2;10;1900;10652819;
обратно отсортирован_2;11;1900;262646;
обратно отсортирован_2;12;1900;299546;
обратно отсортирован_2;0;2000;17456294;
обратно отсортирован_2;1;2000;38262140;
обратно отсортирован_2;2;2000;12306;
обратно отсортирован_2;3;2000;50491498;
обратно отсортирован_2;4;2000;202867;
обратно отсортирован_2;5;2000;659527;
обратно отсортирован_2;6;2000;18741373;
обратно отсортирован_2;7;2000;485212;
обратно отсортирован_2;8;2000;22726711;
обратно отсортирован_2;9;2000;260635;
обратно отсортирован_2;10;2000;10453286;
обратно отсортирован_2;11;2000;262476;
обратно отсортирован_2;12;2000;339736;
обратно отсортирован_2;0;2100;19202150;
обратно отсортирован_2;1;2100;43398558;
обратно отсортирован_2;2;2100;15513;
обратно отсортирован_2;3;2100;61697531;
обратно отсортирован_2;4;2100;261427;
обратно отсортирован_2;5;2100;1162983;
обратно отсортирован_2;6;2100;31573492;
обратно отсортирован_2;7;2100;771302;
обратно отсортирован_2;8;2100;33109274;
обратно отсортирован_2;9;2100;277707;
обратно отсортирован_2;10;2100;13214530;
обратно отсортирован_2;11;2100;299840;
обратно отсортирован_2;12;2100;397604;
обратно отсортирован_2;0;2200;27691303;
обратно отсортирован_2;1;2200;56212337;
обратно отсортирован_2;2;2200;13744;
обратно отсортирован_2;3;2200;62962223;
обратно отсортирован_2;4;2200;207901;
обратно отсортирован_2;5;2200;723178;
обратно отсортирован_2;6;2200;24390691;
обратно отсортирован_2;7;2200;547486;
обратно отсортирован_2;8;2200;28975445;
обратно отсортирован_2;9;2200;281804;
обратно отсортирован_2;10;2200;12834159;
обратно отсортирован_2;11;2200;302407;
обратно отсортирован_2;12;2200;364096;
обратно отсортирован_2;0;2300;23339249;
обратно отсортирован_2;1;2300;50543000;
обратно отсортирован_2;2;2300;14079;
обратно отсортирован_2;3;2300;65817662;
обратно отсортирован_2;4;2300;225571;
обратно отсортирован_2;5;2300;764927;
обратно отсортирован_2;6;2300;25452781;
обратно отсортирован_2;7;2300;563142;
обратно отсортирован_2;8;2300;30693437;
обратно отсортирован_2;9;2300;276110;
обратно отсортирован_2;10;2300;14151468;
обратно отсортирован_2;11;2300;302580;
обратно отсортирован_2;12;2300;455419;
обратно отсортирован_2;0;2400;25290866;
обратно отсортирован_2;1;2400;55812314;
обратно отсортирован_2;2;2400;14073;
обратно отсортирован_2;3;2400;73329893;
обратно отсортирован_2;4;2400;238408;
обратно отсортирован_2;5;2400;800670;
обратно отсортирован_2;6;2400;27442791;
обратно отсортирован_2;7;2400;611855;
обратно отсортирован_2;8;2400;33001346;
обратно отсортирован_2;9;2400;287734;
обратно отсортирован_2;10;2400;14923160;
обратно отсортирован_2;11;2400;315625;
обратно отсортирован_2;12;2400;403163;
обратно отсортирован_2;0;2500;27997587;
обратно отсортирован_2;1;2500;59294181;
обратно отсортирован_2;2;2500;15303;
обратно отсортирован_2;3;2500;77612463;
обратно отсортирован_2;4;2500;274344;
обратно отсортирован_2;5;2500;858776;
обратно отсортирован_2;6;2500;29948530;
обратно отсортирован_2;7;2500;648128;
обратно отсортирован_2;8;2500;36691293;
обратно отсортирован_2;9;2500;298825;
обратно отсортирован_2;10;2500;16599067;
обратно отсортирован_2;11;2500;331892;
обратно отсортирован_2;12;2500;429930;
обратно отсортирован_2;0;2600;30547173;
обратно отсортирован_2;1;2600;65151472;
обратно отсортирован_2;2;2600;15822;
обратно отсортирован_2;3;2600;85235198;
обратно отсортирован_2;4;2600;247814;
обратно отсортирован_2;5;2600;880028;
обратно отсортирован_2;6;2600;32044889;
обратно отсортирован_2;7;2600;658350;
обратно отсортирован_2;8;2600;38232352;
обратно отсортирован_2;9;2600;369399;
обратно отсортирован_2;10;2600;17708135;
обратно отсортирован_2;11;2600;345962;
обратно отсортирован_2;12;2600;444205;
обратно отсортирован_2;0;2700;32169660;
обратно отсортирован_2;1;2700;68228734;
обратно отсортирован_2;2;2700;16423;
обратно отсортирован_2;3;2700;90460395;
обратно отсортирован_2;4;2700;252949;
обратно отсортирован_2;5;2700;917625;
обратно отсортирован_2;6;2700;35247714;
обратно отсортирован_2;7;2700;690346;
обратно отсортирован_2;8;2700;41716696;
обратно отсортирован_2;9;2700;444449;
обратно отсортирован_2;10;2700;19820366;
обратно отсортирован_2;11;2700;373117;
обратно отсортирован_2;12;2700;505859;
обратно отсортирован_2;0;2800;34185116;
обратно отсортирован_2;1;2800;75704466;
обратно отсортирован_2;2;2800;16953;
обратно отсортирован_2;3;2800;97593852;
обратно отсортирован_2;4;2800;277744;
обратно отсортирован_2;5;2800;946671;
обратно отсортирован_2;6;2800;37272603;
обратно отсортирован_2;7;2800;765405;
обратно отсортирован_2;8;2800;44564810;
обратно отсортирован_2;9;2800;328420;
обратно отсортирован_2;10;2800;20926393;
обратно отсортирован_2;11;2800;377072;
обратно отсортирован_2;12;2800;486893;
обратно отсортирован_2;0;2900;36966457;
обратно отсортирован_2;1;2900;79330407;
обратно отсортирован_2;2;2900;17602;
обратно отсортирован_2;3;2900;104397189;
обратно отсортирован_2;4;2900;270066;
обратно отсортирован_2;5;2900;1039882;
обратно отсортирован_2;6;2900;39867381;
обратно отсортирован_2;7;2900;726875;
обратно отсортирован_2;8;2900;52114310;
обратно отсортирован_2;9;2900;369037;
обратно отсортирован_2;10;2900;23018490;
обратно отсортирован_2;11;2900;405042;
обратно отсортирован_2;12;2900;513851;
обратно отсортирован_2;0;3000;39308691;
обратно отсортирован_2;1;3000;88187473;
обратно отсортирован_2;2;3000;18260;
обратно отсортирован_2;3;3000;113115382;
обратно отсортирован_2;4;3000;282282;
обратно отсортирован_2;5;3000;1060484;
обратно отсортирован_2;6;3000;43337149;
обратно отсортирован_2;7;3000;752235;
обратно отсортирован_2;8;3000;51157705;
обратно отсортирован_2;9;3000;375647;
обратно отсортирован_2;10;3000;24325868;
обратно отсортирован_2;11;3000;407059;
обратно отсортирован_2;12;3000;513185;
обратно отсортирован_2;0;3100;42924896;
обратно отсортирован_2;1;3100;93686893;
обратно отсортирован_2;2;3100;18824;
обратно отсортирован_2;3;3100;120139048;
обратно отсортирован_2;4;3100;292404;
обратно отсортирован_2;5;3100;1088645;
обратно отсортирован_2;6;3100;45550811;
обратно отсортирован_2;7;3100;790723;
обратно отсортирован_2;8;3100;54001767;
обратно отсортирован_2;9;3100;382546;
обратно отсортирован_2;10;3100;25063732;
обратно отсортирован_2;11;3100;444236;
обратно отсортирован_2;12;3100;517726;
обратно отсортирован_2;0;3200;45119298;
обратно отсортирован_2;1;3200;98665103;
обратно отсортирован_2;2;3200;21166;
обратно отсортирован_2;3;3200;130924340;
обратно отсортирован_2;4;3200;296760;
обратно отсортирован_2;5;3200;1108362;
обратно отсортирован_2;6;3200;48718762;
обратно отсортирован_2;7;3200;832313;
обратно отсортирован_2;8;3200;58290751;
обратно отсортирован_2;9;3200;378185;
обратно отсортирован_2;10;3200;27477218;
обратно отсортирован_2;11;3200;440133;
обратно отсортирован_2;12;3200;530515;
обратно отсортирован_2;0;3300;48942177;
обратно отсортирован_2;1;3300;105669504;
обратно отсортирован_2;2;3300;18848;
обратно отсортирован_2;3;3300;135533645;
обратно отсортирован_2;4;3300;305341;
обратно отсортирован_2;5;3300;1152862;
обратно отсортирован_2;6;3300;51392454;
обратно отсортирован_2;7;3300;838515;
обратно отсортирован_2;8;3300;61271173;
обратно отсортирован_2;9;3300;386331;
обратно отсортирован_2;10;3300;28524017;
обратно отсортирован_2;11;3300;458292;
обратно отсортирован_2;12;3300;591308;
обратно отсортирован_2;0;3400;50452322;
обратно отсортирован_2;1;3400;109572880;
обратно отсортирован_2;2;3400;21867;
обратно отсортирован_2;3;3400;145462921;
обратно отсортирован_2;4;3400;314648;
обратно отсортирован_2;5;3400;1195436;
обратно отсортирован_2;6;3400;55328200;
обратно отсортирован_2;7;3400;1028192;
обратно отсортирован_2;8;3400;65388380;
обратно отсортирован_2;9;3400;412545;
обратно отсортирован_2;10;3400;31272069;
обратно отсортирован_2;11;3400;494064;
обратно отсортирован_2;12;3400;574314;
обратно отсортирован_2;0;3500;54332752;
обратно отсортирован_2;1;3500;116211594;
обратно отсортирован_2;2;3500;21156;
обратно отсортирован_2;3;3500;153272621;
обратно отсортирован_2;4;3500;384173;
обратно отсортирован_2;5;3500;1226812;
обратно отсортирован_2;6;3500;59041686;
обратно отсортирован_2;7;3500;906330;
обратно отсортирован_2;8;3500;70049214;
обратно отсортирован_2;9;3500;415732;
обратно отсортирован_2;10;3500;33014718;
обратно отсортирован_2;11;3500;502152;
обратно отсортирован_2;12;3500;602792;
обратно отсортирован_2;0;3600;57064411;
обратно отсортирован_2;1;3600;123416829;
обратно отсортирован_2;2;3600;21709;
обратно отсортирован_2;3;3600;161983307;
обратно отсортирован_2;4;3600;335356;
обратно отсортирован_2;5;3600;1290116;
обратно отсортирован_2;6;3600;61608534;
обратно отсортирован_2;7;3600;1061453;
обратно отсортирован_2;8;3600;72971809;
обратно отсортирован_2;9;3600;424906;
обратно отсортирован_2;10;3600;34384377;
обратно отсортирован_2;11;3600;517611;
обратно отсортирован_2;12;3600;620637;
обратно отсортирован_2;0;3700;60821611;
обратно отсортирован_2;1;3700;128992822;
обратно отсортирован_2;2;3700;22280;
обратно отсортирован_2;3;3700;173386657;
обратно отсортирован_2;4;3700;345425;
обратно отсортирован_2;5;3700;1528516;
обратно отсортирован_2;6;3700;64793514;
обратно отсортирован_2;7;3700;972305;
обратно отсортирован_2;8;3700;77399598;
обратно отсортирован_2;9;3700;438209;
обратно отсортирован_2;10;3700;36005534;
обратно отсортирован_2;11;3700;548234;
обратно отсортирован_2;12;3700;643647;
обратно отсортирован_2;0;3800;62978758;
обратно отсортирован_2;1;3800;137088135;
обратно отсортирован_2;2;3800;22771;
обратно отсортирован_2;3;3800;179857115;
обратно отсортирован_2;4;3800;359319;
обратно отсортирован_2;5;3800;1360210;
обратно отсортирован_2;6;3800;70724491;
обратно отсортирован_2;7;3800;984109;
обратно отсортирован_2;8;3800;82290677;
обратно отсортирован_2;9;3800;447699;
обратно отсортирован_2;10;3800;38636581;
обратно отсортирован_2;11;3800;544257;
обратно отсортирован_2;12;3800;647919;
обратно отсортирован_2;0;3900;66680039;
обратно отсортирован_2;1;3900;143661697;
обратно отсортирован_2;2;3900;22265;
обратно отсортирован_2;3;3900;190066725;
обратно отсортирован_2;4;3900;368945;
обратно отсортирован_2;5;3900;1395406;
обратно отсортирован_2;6;3900;72445141;
обратно отсортирован_2;7;3900;1017366;
обратно отсортирован_2;8;3900;86810339;
обратно отсортирован_2;9;3900;643327;
обратно отсортирован_2;10;3900;40555698;
обратно отсортирован_2;11;3900;555827;
обратно отсортирован_2;12;3900;668820;
обратно отсортирован_2;0;4000;71311143;
обратно отсортирован_2;1;4000;150698127;
обратно отсортирован_2;2;4000;23988;
обратно отсортирован_2;3;4000;199703164;
обратно отсортирован_2;4;4000;373499;
обратно отсортирован_2;5;4000;1446619;
обратно отсортирован_2;6;4000;75773156;
обратно отсортирован_2;7;4000;1112128;
обратно отсортирован_2;8;4000;90699967;
обратно отсортирован_2;9;4000;471444;
обратно отсортирован_2;10;4000;43233928;
обратно отсортирован_2;11;4000;582020;
обратно отсортирован_2;12;4000;688725;
обратно отсортирован_2;0;4100;73559723;
обратно отсортирован_2;1;4100;159304337;
обратно отсортирован_2;2;4100;23403;
обратно отсортирован_2;3;4100;210113419;
обратно отсортирован_2;4;4100;391577;
обратно отсортирован_2;5;4100;1470542;
обратно отсортирован_2;6;4100;81227790;
обратно отсортирован_2;7;4100;1059102;
обратно отсортирован_2;8;4100;95796381;
обратно отсортирован_2;9;4100;641472;
обратно отсортирован_2;10;4100;43876592;
обратно отсортирован_2;11;4100;607465;
обратно отсортирован_2;12;4100;942337;
