type; algorithm; size; operations
рандом от 0 до 5;50;3549;
рандом от 0 до 5;50;6125;
рандом от 0 до 5;50;7888;
рандом от 0 до 5;50;10496;
рандом от 0 до 5;50;977;
рандом от 0 до 5;50;4493;
рандом от 0 до 5;50;2244;
рандом от 0 до 5;50;4137;
рандом от 0 до 5;50;1327;
рандом от 0 до 5;50;1682;
рандом от 0 до 5;50;3886;
рандом от 0 до 5;50;1169;
рандом от 0 до 5;50;1225;
рандом от 0 до 5;100;12851;
рандом от 0 до 5;100;24750;
рандом от 0 до 5;100;29373;
рандом от 0 до 5;100;43928;
рандом от 0 до 5;100;1927;
рандом от 0 до 5;100;10643;
рандом от 0 до 5;100;9624;
рандом от 0 до 5;100;9424;
рандом от 0 до 5;100;3539;
рандом от 0 до 5;100;2332;
рандом от 0 до 5;100;15254;
рандом от 0 до 5;100;2660;
рандом от 0 до 5;100;2947;
рандом от 0 до 5;150;29928;
рандом от 0 до 5;150;55875;
рандом от 0 до 5;150;65500;
рандом от 0 до 5;150;101056;
рандом от 0 до 5;150;2877;
рандом от 0 до 5;150;16828;
рандом от 0 до 5;150;24244;
рандом от 0 до 5;150;15069;
рандом от 0 до 5;150;6697;
рандом от 0 до 5;150;2982;
рандом от 0 до 5;150;34161;
рандом от 0 до 5;150;4268;
рандом от 0 до 5;150;5168;
рандом от 0 до 5;200;52514;
рандом от 0 до 5;200;99500;
рандом от 0 до 5;200;119213;
рандом от 0 до 5;200;173159;
рандом от 0 до 5;200;3827;
рандом от 0 до 5;200;24302;
рандом от 0 до 5;200;42189;
рандом от 0 до 5;200;21068;
рандом от 0 до 5;200;10427;
рандом от 0 до 5;200;3632;
рандом от 0 до 5;200;60544;
рандом от 0 до 5;200;5952;
рандом от 0 до 5;200;6936;
рандом от 0 до 5;250;81980;
рандом от 0 до 5;250;155625;
рандом от 0 до 5;250;183163;
рандом от 0 до 5;250;282168;
рандом от 0 до 5;250;4777;
рандом от 0 до 5;250;30486;
рандом от 0 до 5;250;67624;
рандом от 0 до 5;250;27006;
рандом от 0 до 5;250;15981;
рандом от 0 до 5;250;4282;
рандом от 0 до 5;250;94423;
рандом от 0 до 5;250;7976;
рандом от 0 до 5;250;8865;
рандом от 0 до 5;300;119931;
рандом от 0 до 5;300;224250;
рандом от 0 до 5;300;259685;
рандом от 0 до 5;300;408844;
рандом от 0 до 5;300;5727;
рандом от 0 до 5;300;38442;
рандом от 0 до 5;300;100624;
рандом от 0 до 5;300;33476;
рандом от 0 до 5;300;20521;
рандом от 0 до 5;300;4932;
рандом от 0 до 5;300;135820;
рандом от 0 до 5;300;9744;
рандом от 0 до 5;300;12056;
рандом от 0 до 4000;50;3549;
рандом от 0 до 4000;50;6125;
рандом от 0 до 4000;50;7888;
рандом от 0 до 4000;50;10496;
рандом от 0 до 4000;50;977;
рандом от 0 до 4000;50;4493;
рандом от 0 до 4000;50;2244;
рандом от 0 до 4000;50;4137;
рандом от 0 до 4000;50;1327;
рандом от 0 до 4000;50;1682;
рандом от 0 до 4000;50;3886;
рандом от 0 до 4000;50;1169;
рандом от 0 до 4000;50;1225;
рандом от 0 до 4000;100;12851;
рандом от 0 до 4000;100;24750;
рандом от 0 до 4000;100;29373;
рандом от 0 до 4000;100;43928;
рандом от 0 до 4000;100;1927;
рандом от 0 до 4000;100;10643;
рандом от 0 до 4000;100;9624;
рандом от 0 до 4000;100;9424;
рандом от 0 до 4000;100;3539;
рандом от 0 до 4000;100;2332;
рандом от 0 до 4000;100;15254;
рандом от 0 до 4000;100;2660;
рандом от 0 до 4000;100;2947;
рандом от 0 до 4000;150;29928;
рандом от 0 до 4000;150;55875;
рандом от 0 до 4000;150;65500;
рандом от 0 до 4000;150;101056;
рандом от 0 до 4000;150;2877;
рандом от 0 до 4000;150;16828;
рандом от 0 до 4000;150;24244;
рандом от 0 до 4000;150;15069;
рандом от 0 до 4000;150;6697;
рандом от 0 до 4000;150;2982;
рандом от 0 до 4000;150;34161;
рандом от 0 до 4000;150;4268;
рандом от 0 до 4000;150;5168;
рандом от 0 до 4000;200;52514;
рандом от 0 до 4000;200;99500;
рандом от 0 до 4000;200;119213;
рандом от 0 до 4000;200;173159;
рандом от 0 до 4000;200;3827;
рандом от 0 до 4000;200;24302;
рандом от 0 до 4000;200;42189;
рандом от 0 до 4000;200;21068;
рандом от 0 до 4000;200;10427;
рандом от 0 до 4000;200;3632;
рандом от 0 до 4000;200;60544;
рандом от 0 до 4000;200;5952;
рандом от 0 до 4000;200;6936;
рандом от 0 до 4000;250;81980;
рандом от 0 до 4000;250;155625;
рандом от 0 до 4000;250;183163;
рандом от 0 до 4000;250;282168;
рандом от 0 до 4000;250;4777;
рандом от 0 до 4000;250;30486;
рандом от 0 до 4000;250;67624;
рандом от 0 до 4000;250;27006;
рандом от 0 до 4000;250;15981;
рандом от 0 до 4000;250;4282;
рандом от 0 до 4000;250;94423;
рандом от 0 до 4000;250;7976;
рандом от 0 до 4000;250;8865;
рандом от 0 до 4000;300;119931;
рандом от 0 до 4000;300;224250;
рандом от 0 до 4000;300;259685;
рандом от 0 до 4000;300;408844;
рандом от 0 до 4000;300;5727;
рандом от 0 до 4000;300;38442;
рандом от 0 до 4000;300;100624;
рандом от 0 до 4000;300;33476;
рандом от 0 до 4000;300;20521;
рандом от 0 до 4000;300;4932;
рандом от 0 до 4000;300;135820;
рандом от 0 до 4000;300;9744;
рандом от 0 до 4000;300;12056;
почти отсортирован;50;1855;
почти отсортирован;50;6125;
почти отсортирован;50;11125;
почти отсортирован;50;402;
почти отсортирован;50;1153;
почти отсортирован;50;5554;
почти отсортирован;50;294;
почти отсортирован;50;4279;
почти отсортирован;50;5440;
почти отсортирован;50;1774;
почти отсортирован;50;3776;
почти отсортирован;50;829;
почти отсортирован;50;1015;
почти отсортирован;100;4407;
почти отсортирован;100;24750;
почти отсортирован;100;44750;
почти отсортирован;100;802;
почти отсортирован;100;2303;
почти отсортирован;100;12942;
почти отсортирован;100;594;
почти отсортирован;100;9728;
почти отсортирован;100;20890;
почти отсортирован;100;2524;
почти отсортирован;100;15051;
почти отсортирован;100;2044;
почти отсортирован;100;2515;
почти отсортирован;150;7211;
почти отсортирован;150;55875;
почти отсортирован;150;100875;
почти отсортирован;150;1202;
почти отсортирован;150;3453;
почти отсортирован;150;21142;
почти отсортирован;150;894;
почти отсортирован;150;15593;
почти отсортирован;150;46340;
почти отсортирован;150;3274;
почти отсортирован;150;33826;
почти отсортирован;150;3384;
почти отсортирован;150;4520;
почти отсортирован;200;10211;
почти отсортирован;200;99500;
почти отсортирован;200;179500;
почти отсортирован;200;1602;
почти отсортирован;200;4603;
почти отсортирован;200;29708;
почти отсортирован;200;1194;
почти отсортирован;200;21776;
почти отсортирован;200;81790;
почти отсортирован;200;4024;
почти отсортирован;200;60101;
почти отсортирован;200;4884;
почти отсортирован;200;6015;
почти отсортирован;250;13211;
почти отсортирован;250;155625;
почти отсортирован;250;280625;
почти отсортирован;250;2002;
почти отсортирован;250;5753;
почти отсортирован;250;38418;
почти отсортирован;250;1494;
почти отсортирован;250;27925;
почти отсортирован;250;127240;
почти отсортирован;250;4774;
почти отсортирован;250;93876;
почти отсортирован;250;6384;
почти отсортирован;250;7530;
почти отсортирован;300;16684;
почти отсортирован;300;224250;
почти отсортирован;300;404083;
почти отсортирован;300;4889;
почти отсортирован;300;14947;
почти отсортирован;300;47707;
почти отсортирован;300;1959;
почти отсортирован;300;34615;
почти отсортирован;300;181485;
почти отсортирован;300;9782;
почти отсортирован;300;135217;
почти отсортирован;300;8016;
почти отсортирован;300;10619;
обратно отсортирован;50;7798;
обратно отсортирован;50;6125;
обратно отсортирован;50;198;
обратно отсортирован;50;13681;
обратно отсортирован;50;1153;
обратно отсортирован;50;4376;
обратно отсортирован;50;6419;
обратно отсортирован;50;3840;
обратно отсортирован;50;4190;
обратно отсортирован;50;3250;
обратно отсортирован;50;4426;
обратно отсортирован;50;1289;
обратно отсортирован;50;1330;
обратно отсортирован;100;28758;
обратно отсортирован;100;24750;
обратно отсортирован;100;398;
обратно отсортирован;100;54856;
обратно отсортирован;100;2303;
обратно отсортирован;100;10600;
обратно отсортирован;100;25344;
обратно отсортирован;100;8700;
обратно отсортирован;100;15890;
обратно отсортирован;100;4450;
обратно отсортирован;100;17601;
обратно отсортирован;100;3060;
обратно отсортирован;100;3295;
обратно отсортирован;150;62533;
обратно отсортирован;150;55875;
обратно отсортирован;150;598;
обратно отсортирован;150;123531;
обратно отсортирован;150;3453;
обратно отсортирован;150;17297;
обратно отсортирован;150;56769;
обратно отсортирован;150;13920;
обратно отсортирован;150;35090;
обратно отсортирован;150;5650;
обратно отсортирован;150;39526;
обратно отсортирован;150;5004;
обратно отсортирован;150;5795;
обратно отсортирован;200;108871;
обратно отсортирован;200;99500;
обратно отсортирован;200;798;
обратно отсортирован;200;219706;
обратно отсортирован;200;4603;
обратно отсортирован;200;24415;
обратно отсортирован;200;100694;
обратно отсортирован;200;19420;
обратно отсортирован;200;61790;
обратно отсортирован;200;6850;
обратно отсортирован;200;70201;
обратно отсортирован;200;6884;
обратно отсортирован;200;7875;
обратно отсортирован;250;167996;
обратно отсортирован;250;155625;
обратно отсортирован;250;998;
обратно отсортирован;250;343381;
обратно отсортирован;250;5753;
обратно отсортирован;250;32054;
обратно отсортирован;250;157119;
обратно отсортирован;250;24920;
обратно отсортирован;250;95990;
обратно отсортирован;250;8050;
обратно отсортирован;250;109626;
обратно отсортирован;250;9332;
обратно отсортирован;250;10305;
обратно отсортирован;300;239621;
обратно отсортирован;300;224250;
обратно отсортирован;300;1198;
обратно отсортирован;300;494556;
обратно отсортирован;300;6903;
обратно отсортирован;300;40033;
обратно отсортирован;300;226044;
обратно отсортирован;300;30860;
обратно отсортирован;300;137690;
обратно отсортирован;300;9250;
обратно отсортирован;300;157801;
обратно отсортирован;300;11188;
обратно отсортирован;300;13520;
рандом от 0 до 5;100;12851;
рандом от 0 до 5;100;24750;
рандом от 0 до 5;100;29373;
рандом от 0 до 5;100;43928;
рандом от 0 до 5;100;1927;
рандом от 0 до 5;100;10643;
рандом от 0 до 5;100;9624;
рандом от 0 до 5;100;9424;
рандом от 0 до 5;100;3539;
рандом от 0 до 5;100;2332;
рандом от 0 до 5;100;15254;
рандом от 0 до 5;100;2660;
рандом от 0 до 5;100;2947;
рандом от 0 до 5;200;52514;
рандом от 0 до 5;200;99500;
рандом от 0 до 5;200;119213;
рандом от 0 до 5;200;173159;
рандом от 0 до 5;200;3827;
рандом от 0 до 5;200;24302;
рандом от 0 до 5;200;42189;
рандом от 0 до 5;200;21068;
рандом от 0 до 5;200;10427;
рандом от 0 до 5;200;3632;
рандом от 0 до 5;200;60544;
рандом от 0 до 5;200;5952;
рандом от 0 до 5;200;6936;
рандом от 0 до 5;300;119931;
рандом от 0 до 5;300;224250;
рандом от 0 до 5;300;259685;
рандом от 0 до 5;300;408844;
рандом от 0 до 5;300;5727;
рандом от 0 до 5;300;38442;
рандом от 0 до 5;300;100624;
рандом от 0 до 5;300;33476;
рандом от 0 до 5;300;20521;
рандом от 0 до 5;300;4932;
рандом от 0 до 5;300;135820;
рандом от 0 до 5;300;9744;
рандом от 0 до 5;300;12056;
рандом от 0 до 5;400;205310;
рандом от 0 до 5;400;399000;
рандом от 0 до 5;400;470472;
рандом от 0 до 5;400;724932;
рандом от 0 до 5;400;7627;
рандом от 0 до 5;400;53747;
рандом от 0 до 5;400;173784;
рандом от 0 до 5;400;46539;
рандом от 0 до 5;400;34557;
рандом от 0 до 5;400;6232;
рандом от 0 до 5;400;241108;
рандом от 0 до 5;400;14031;
рандом от 0 до 5;400;16655;
рандом от 0 до 5;500;316891;
рандом от 0 до 5;500;623750;
рандом от 0 до 5;500;738627;
рандом от 0 до 5;500;1121398;
рандом от 0 до 5;500;9527;
рандом от 0 до 5;500;68601;
рандом от 0 до 5;500;269554;
рандом от 0 до 5;500;59525;
рандом от 0 до 5;500;49807;
рандом от 0 до 5;500;7532;
рандом от 0 до 5;500;376373;
рандом от 0 до 5;500;18527;
рандом от 0 до 5;500;20380;
рандом от 0 до 5;600;444913;
рандом от 0 до 5;600;898500;
рандом от 0 до 5;600;1071410;
рандом от 0 до 5;600;1615791;
рандом от 0 до 5;600;11427;
рандом от 0 до 5;600;85780;
рандом от 0 до 5;600;379089;
рандом от 0 до 5;600;73607;
рандом от 0 до 5;600;71489;
рандом от 0 до 5;600;8832;
рандом от 0 до 5;600;541640;
рандом от 0 до 5;600;22607;
рандом от 0 до 5;600;27638;
рандом от 0 до 5;700;588392;
рандом от 0 до 5;700;1223250;
рандом от 0 до 5;700;1473992;
рандом от 0 до 5;700;2200320;
рандом от 0 до 5;700;13327;
рандом от 0 до 5;700;103172;
рандом от 0 до 5;700;497604;
рандом от 0 до 5;700;87863;
рандом от 0 до 5;700;95253;
рандом от 0 до 5;700;10132;
рандом от 0 до 5;700;736890;
рандом от 0 до 5;700;26891;
рандом от 0 до 5;700;31522;
рандом от 0 до 5;800;782366;
рандом от 0 до 5;800;1598000;
рандом от 0 до 5;800;1913123;
рандом от 0 до 5;800;2872478;
рандом от 0 до 5;800;15227;
рандом от 0 до 5;800;118884;
рандом от 0 до 5;800;661114;
рандом от 0 до 5;800;101967;
рандом от 0 до 5;800;126163;
рандом от 0 до 5;800;11432;
рандом от 0 до 5;800;962182;
рандом от 0 до 5;800;31402;
рандом от 0 до 5;800;38330;
рандом от 0 до 5;900;1000678;
рандом от 0 до 5;900;2022750;
рандом от 0 до 5;900;2409157;
рандом от 0 до 5;900;3643016;
рандом от 0 до 5;900;17127;
рандом от 0 до 5;900;135238;
рандом от 0 до 5;900;842864;
рандом от 0 до 5;900;116043;
рандом от 0 до 5;900;152595;
рандом от 0 до 5;900;12732;
рандом от 0 до 5;900;1217505;
рандом от 0 до 5;900;36530;
рандом от 0 до 5;900;42062;
рандом от 0 до 5;1000;1259130;
рандом от 0 до 5;1000;2497500;
рандом от 0 до 5;1000;2967598;
рандом от 0 до 5;1000;4501687;
рандом от 0 до 5;1000;19027;
рандом от 0 до 5;1000;150540;
рандом от 0 до 5;1000;1058909;
рандом от 0 до 5;1000;130220;
рандом от 0 до 5;1000;184283;
рандом от 0 до 5;1000;14032;
рандом от 0 до 5;1000;1502756;
рандом от 0 до 5;1000;41270;
рандом от 0 до 5;1000;46369;
рандом от 0 до 5;1100;1536511;
рандом от 0 до 5;1100;3022250;
рандом от 0 до 5;1100;3571530;
рандом от 0 до 5;1100;5476961;
рандом от 0 до 5;1100;20927;
рандом от 0 до 5;1100;169004;
рандом от 0 до 5;1100;1306099;
рандом от 0 до 5;1100;145209;
рандом от 0 до 5;1100;226289;
рандом от 0 до 5;1100;15332;
рандом от 0 до 5;1100;1818082;
рандом от 0 до 5;1100;45810;
рандом от 0 до 5;1100;57323;
рандом от 0 до 5;1200;1812439;
рандом от 0 до 5;1200;3597000;
рандом от 0 до 5;1200;4260540;
рандом от 0 до 5;1200;6478927;
рандом от 0 до 5;1200;22827;
рандом от 0 до 5;1200;186978;
рандом от 0 до 5;1200;1541289;
рандом от 0 до 5;1200;160481;
рандом от 0 до 5;1200;262481;
рандом от 0 до 5;1200;16632;
рандом от 0 до 5;1200;2163324;
рандом от 0 до 5;1200;50414;
рандом от 0 до 5;1200;62312;
рандом от 0 до 5;1300;2083376;
рандом от 0 до 5;1300;4221750;
рандом от 0 до 5;1300;5033598;
рандом от 0 до 5;1300;7618193;
рандом от 0 до 5;1300;24727;
рандом от 0 до 5;1300;206304;
рандом от 0 до 5;1300;1766579;
рандом от 0 до 5;1300;175824;
рандом от 0 до 5;1300;306865;
рандом от 0 до 5;1300;17932;
рандом от 0 до 5;1300;2538578;
рандом от 0 до 5;1300;55154;
рандом от 0 до 5;1300;67130;
рандом от 0 до 5;1400;2411172;
рандом от 0 до 5;1400;4896500;
рандом от 0 до 5;1400;5831437;
рандом от 0 до 5;1400;8851191;
рандом от 0 до 5;1400;26627;
рандом от 0 до 5;1400;223615;
рандом от 0 до 5;1400;2055629;
рандом от 0 до 5;1400;191079;
рандом от 0 до 5;1400;355131;
рандом от 0 до 5;1400;19232;
рандом от 0 до 5;1400;2943864;
рандом от 0 до 5;1400;59866;
рандом от 0 до 5;1400;71367;
рандом от 0 до 5;1500;2753685;
рандом от 0 до 5;1500;5621250;
рандом от 0 до 5;1500;6695153;
рандом от 0 до 5;1500;10154354;
рандом от 0 до 5;1500;28527;
рандом от 0 до 5;1500;242384;
рандом от 0 до 5;1500;2353154;
рандом от 0 до 5;1500;206302;
рандом от 0 до 5;1500;403879;
рандом от 0 до 5;1500;20532;
рандом от 0 до 5;1500;3379124;
рандом от 0 до 5;1500;64506;
рандом от 0 до 5;1500;75896;
рандом от 0 до 5;1600;3144058;
рандом от 0 до 5;1600;6396000;
рандом от 0 до 5;1600;7605623;
рандом от 0 до 5;1600;11572051;
рандом от 0 до 5;1600;30427;
рандом от 0 до 5;1600;260412;
рандом от 0 до 5;1600;2694309;
рандом от 0 до 5;1600;221570;
рандом от 0 до 5;1600;459111;
рандом от 0 до 5;1600;21832;
рандом от 0 до 5;1600;3844436;
рандом от 0 до 5;1600;69342;
рандом от 0 до 5;1600;86967;
рандом от 0 до 5;1700;3543382;
рандом от 0 до 5;1700;7220750;
рандом от 0 до 5;1700;8587397;
рандом от 0 до 5;1700;13020193;
рандом от 0 до 5;1700;32327;
рандом от 0 до 5;1700;279095;
рандом от 0 до 5;1700;3038559;
рандом от 0 до 5;1700;236951;
рандом от 0 до 5;1700;514151;
рандом от 0 до 5;1700;23132;
рандом от 0 до 5;1700;4339663;
рандом от 0 до 5;1700;74174;
рандом от 0 до 5;1700;86905;
рандом от 0 до 5;1800;3933453;
рандом от 0 до 5;1800;8095500;
рандом от 0 до 5;1800;9664458;
рандом от 0 до 5;1800;14620524;
рандом от 0 до 5;1800;34227;
рандом от 0 до 5;1800;296538;
рандом от 0 до 5;1800;3374744;
рандом от 0 до 5;1800;252134;
рандом от 0 до 5;1800;572939;
рандом от 0 до 5;1800;24432;
рандом от 0 до 5;1800;4864912;
рандом от 0 до 5;1800;78786;
рандом от 0 до 5;1800;94610;
рандом от 0 до 5;1900;4381985;
рандом от 0 до 5;1900;9020250;
рандом от 0 до 5;1900;10753037;
рандом от 0 до 5;1900;16308065;
рандом от 0 до 5;1900;36127;
рандом от 0 до 5;1900;313730;
рандом от 0 до 5;1900;3770099;
рандом от 0 до 5;1900;267437;
рандом от 0 до 5;1900;633963;
рандом от 0 до 5;1900;25732;
рандом от 0 до 5;1900;5420224;
рандом от 0 до 5;1900;83746;
рандом от 0 до 5;1900;96851;
рандом от 0 до 5;2000;4815461;
рандом от 0 до 5;2000;9995000;
рандом от 0 до 5;2000;11946140;
рандом от 0 до 5;2000;18056024;
рандом от 0 до 5;2000;38027;
рандом от 0 до 5;2000;334627;
рандом от 0 до 5;2000;4143744;
рандом от 0 до 5;2000;282569;
рандом от 0 до 5;2000;701833;
рандом от 0 до 5;2000;27032;
рандом от 0 до 5;2000;6005502;
рандом от 0 до 5;2000;88254;
рандом от 0 до 5;2000;103617;
рандом от 0 до 5;2100;5337741;
рандом от 0 до 5;2100;11019750;
рандом от 0 до 5;2100;13137152;
рандом от 0 до 5;2100;19949661;
рандом от 0 до 5;2100;39927;
рандом от 0 до 5;2100;353379;
рандом от 0 до 5;2100;4601279;
рандом от 0 до 5;2100;298391;
рандом от 0 до 5;2100;774573;
рандом от 0 до 5;2100;28332;
рандом от 0 до 5;2100;6620794;
рандом от 0 до 5;2100;93326;
рандом от 0 до 5;2100;117917;
рандом от 0 до 5;2200;5889594;
рандом от 0 до 5;2200;12094500;
рандом от 0 до 5;2200;14383228;
рандом от 0 до 5;2200;21917397;
рандом от 0 до 5;2200;41827;
рандом от 0 до 5;2200;372379;
рандом от 0 до 5;2200;5092179;
рандом от 0 до 5;2200;314925;
рандом от 0 до 5;2200;849535;
рандом от 0 до 5;2200;29632;
рандом от 0 до 5;2200;7266038;
рандом от 0 до 5;2200;98674;
рандом от 0 до 5;2200;125251;
рандом от 0 до 5;2300;6406489;
рандом от 0 до 5;2300;13219250;
рандом от 0 до 5;2300;15755143;
рандом от 0 до 5;2300;23879568;
рандом от 0 до 5;2300;43727;
рандом от 0 до 5;2300;392867;
рандом от 0 до 5;2300;5536824;
рандом от 0 до 5;2300;331422;
рандом от 0 до 5;2300;927581;
рандом от 0 до 5;2300;30932;
рандом от 0 до 5;2300;7941375;
рандом от 0 до 5;2300;103566;
рандом от 0 до 5;2300;129039;
рандом от 0 до 5;2400;6931213;
рандом от 0 до 5;2400;14394000;
рандом от 0 до 5;2400;17190617;
рандом от 0 до 5;2400;25978484;
рандом от 0 до 5;2400;45627;
рандом от 0 до 5;2400;414374;
рандом от 0 до 5;2400;5981484;
рандом от 0 до 5;2400;347761;
рандом от 0 до 5;2400;1005629;
рандом от 0 до 5;2400;32232;
рандом от 0 до 5;2400;8646601;
рандом от 0 до 5;2400;108094;
рандом от 0 до 5;2400;138947;
рандом от 0 до 5;2500;7548173;
рандом от 0 до 5;2500;15618750;
рандом от 0 до 5;2500;18620447;
рандом от 0 до 5;2500;28237602;
рандом от 0 до 5;2500;47527;
рандом от 0 до 5;2500;432722;
рандом от 0 до 5;2500;6529234;
рандом от 0 до 5;2500;364128;
рандом от 0 до 5;2500;1087931;
рандом от 0 до 5;2500;33532;
рандом от 0 до 5;2500;9381900;
рандом от 0 до 5;2500;113150;
рандом от 0 до 5;2500;144081;
рандом от 0 до 5;2600;8191636;
рандом от 0 до 5;2600;16893500;
рандом от 0 до 5;2600;20096213;
рандом от 0 до 5;2600;30610168;
рандом от 0 до 5;2600;49427;
рандом от 0 до 5;2600;453063;
рандом от 0 до 5;2600;7103464;
рандом от 0 до 5;2600;380413;
рандом от 0 до 5;2600;1173071;
рандом от 0 до 5;2600;34832;
рандом от 0 до 5;2600;10147200;
рандом от 0 до 5;2600;118290;
рандом от 0 до 5;2600;147504;
рандом от 0 до 5;2700;8787788;
рандом от 0 до 5;2700;18218250;
рандом от 0 до 5;2700;21732562;
рандом от 0 до 5;2700;32993105;
рандом от 0 до 5;2700;51327;
рандом от 0 до 5;2700;471830;
рандом от 0 до 5;2700;7608859;
рандом от 0 до 5;2700;396961;
рандом от 0 до 5;2700;1264265;
рандом от 0 до 5;2700;36132;
рандом от 0 до 5;2700;10942459;
рандом от 0 до 5;2700;122882;
рандом от 0 до 5;2700;153070;
рандом от 0 до 5;2800;9477412;
рандом от 0 до 5;2800;19593000;
рандом от 0 до 5;2800;23324002;
рандом от 0 до 5;2800;35469904;
рандом от 0 до 5;2800;53227;
рандом от 0 до 5;2800;492262;
рандом от 0 до 5;2800;8217884;
рандом от 0 до 5;2800;413169;
рандом от 0 до 5;2800;1359749;
рандом от 0 до 5;2800;37432;
рандом от 0 до 5;2800;11767766;
рандом от 0 до 5;2800;128302;
рандом от 0 до 5;2800;159263;
рандом от 0 до 5;2900;10126346;
рандом от 0 до 5;2900;21017750;
рандом от 0 до 5;2900;25074598;
рандом от 0 до 5;2900;37913871;
рандом от 0 до 5;2900;55127;
рандом от 0 до 5;2900;509673;
рандом от 0 до 5;2900;8778449;
рандом от 0 до 5;2900;429627;
рандом от 0 до 5;2900;1458941;
рандом от 0 до 5;2900;38732;
рандом от 0 до 5;2900;12622984;
рандом от 0 до 5;2900;133566;
рандом от 0 до 5;2900;162382;
рандом от 0 до 5;3000;10832870;
рандом от 0 до 5;3000;22492500;
рандом от 0 до 5;3000;26890847;
рандом от 0 до 5;3000;40593736;
рандом от 0 до 5;3000;57027;
рандом от 0 до 5;3000;530913;
рандом от 0 до 5;3000;9339024;
рандом от 0 до 5;3000;445819;
рандом от 0 до 5;3000;1555103;
рандом от 0 до 5;3000;40032;
рандом от 0 до 5;3000;13508268;
рандом от 0 до 5;3000;138446;
рандом от 0 до 5;3000;168893;
рандом от 0 до 5;3100;11544198;
рандом от 0 до 5;3100;24017250;
рандом от 0 до 5;3100;28769617;
рандом от 0 до 5;3100;43412826;
рандом от 0 до 5;3100;58927;
рандом от 0 до 5;3100;551648;
рандом от 0 до 5;3100;9895834;
рандом от 0 до 5;3100;462162;
рандом от 0 до 5;3100;1659257;
рандом от 0 до 5;3100;41332;
рандом от 0 до 5;3100;14423567;
рандом от 0 до 5;3100;143750;
рандом от 0 до 5;3100;174000;
рандом от 0 до 5;3200;12380492;
рандом от 0 до 5;3200;25592000;
рандом от 0 до 5;3200;30629572;
рандом от 0 до 5;3200;46160205;
рандом от 0 до 5;3200;60827;
рандом от 0 до 5;3200;573129;
рандом от 0 до 5;3200;10575639;
рандом от 0 до 5;3200;478577;
рандом от 0 до 5;3200;1768147;
рандом от 0 до 5;3200;42632;
рандом от 0 до 5;3200;15368826;
рандом от 0 до 5;3200;149042;
рандом от 0 до 5;3200;193681;
рандом от 0 до 5;3300;13245513;
рандом от 0 до 5;3300;27216750;
рандом от 0 до 5;3300;32558437;
рандом от 0 до 5;3300;49158026;
рандом от 0 до 5;3300;62727;
рандом от 0 до 5;3300;590555;
рандом от 0 до 5;3300;11282754;
рандом от 0 до 5;3300;495113;
рандом от 0 до 5;3300;1879741;
рандом от 0 до 5;3300;43932;
рандом от 0 до 5;3300;16344088;
рандом от 0 до 5;3300;154642;
рандом от 0 до 5;3300;188109;
рандом от 0 до 5;3400;14118774;
рандом от 0 до 5;3400;28891500;
рандом от 0 до 5;3400;34548732;
рандом от 0 до 5;3400;52103483;
рандом от 0 до 5;3400;64627;
рандом от 0 до 5;3400;609349;
рандом от 0 до 5;3400;11992189;
рандом от 0 до 5;3400;511418;
рандом от 0 до 5;3400;1985389;
рандом от 0 до 5;3400;45232;
рандом от 0 до 5;3400;17349372;
рандом от 0 до 5;3400;159886;
рандом от 0 до 5;3400;193119;
рандом от 0 до 5;3500;14961017;
рандом от 0 до 5;3500;30616250;
рандом от 0 до 5;3500;36664228;
рандом от 0 до 5;3500;55238348;
рандом от 0 до 5;3500;66527;
рандом от 0 до 5;3500;629471;
рандом от 0 до 5;3500;12651484;
рандом от 0 до 5;3500;527847;
рандом от 0 до 5;3500;2117433;
рандом от 0 до 5;3500;46532;
рандом от 0 до 5;3500;18384676;
рандом от 0 до 5;3500;165094;
рандом от 0 до 5;3500;194730;
рандом от 0 до 5;3600;15814628;
рандом от 0 до 5;3600;32391000;
рандом от 0 до 5;3600;38831233;
рандом от 0 до 5;3600;58529319;
рандом от 0 до 5;3600;68427;
рандом от 0 до 5;3600;652189;
рандом от 0 до 5;3600;13314169;
рандом от 0 до 5;3600;544328;
рандом от 0 до 5;3600;2224495;
рандом от 0 до 5;3600;47832;
рандом от 0 до 5;3600;19449919;
рандом от 0 до 5;3600;169902;
рандом от 0 до 5;3600;208019;
рандом от 0 до 5;3700;16827234;
рандом от 0 до 5;3700;34215750;
рандом от 0 до 5;3700;40943662;
рандом от 0 до 5;3700;61808746;
рандом от 0 до 5;3700;70327;
рандом от 0 до 5;3700;669926;
рандом от 0 до 5;3700;14150154;
рандом от 0 до 5;3700;560719;
рандом от 0 до 5;3700;2351085;
рандом от 0 до 5;3700;49132;
рандом от 0 до 5;3700;20545260;
рандом от 0 до 5;3700;175330;
рандом от 0 до 5;3700;207559;
рандом от 0 до 5;3800;17844260;
рандом от 0 до 5;3800;36090500;
рандом от 0 до 5;3800;43129427;
рандом от 0 до 5;3800;65270353;
рандом от 0 до 5;3800;72227;
рандом от 0 до 5;3800;686856;
рандом от 0 до 5;3800;14989239;
рандом от 0 до 5;3800;577204;
рандом от 0 до 5;3800;2494539;
рандом от 0 до 5;3800;50432;
рандом от 0 до 5;3800;21670489;
рандом от 0 до 5;3800;180566;
рандом от 0 до 5;3800;215403;
рандом от 0 до 5;3900;18861626;
рандом от 0 до 5;3900;38015250;
рандом от 0 до 5;3900;45411508;
рандом от 0 до 5;3900;68756162;
рандом от 0 до 5;3900;74127;
рандом от 0 до 5;3900;707083;
рандом от 0 до 5;3900;15806434;
рандом от 0 до 5;3900;593242;
рандом от 0 до 5;3900;2612011;
рандом от 0 до 5;3900;51732;
рандом от 0 до 5;3900;22825765;
рандом от 0 до 5;3900;186070;
рандом от 0 до 5;3900;219355;
рандом от 0 до 5;4000;19802082;
рандом от 0 до 5;4000;39990000;
рандом от 0 до 5;4000;47828317;
рандом от 0 до 5;4000;72265719;
рандом от 0 до 5;4000;76027;
рандом от 0 до 5;4000;729480;
рандом от 0 до 5;4000;16533789;
рандом от 0 до 5;4000;609496;
рандом от 0 до 5;4000;2737417;
рандом от 0 до 5;4000;53032;
рандом от 0 до 5;4000;24011037;
рандом от 0 до 5;4000;191390;
рандом от 0 до 5;4000;231800;
рандом от 0 до 5;4100;20930738;
рандом от 0 до 5;4100;42014750;
рандом от 0 до 5;4100;50162095;
рандом от 0 до 5;4100;75940488;
рандом от 0 до 5;4100;77927;
рандом от 0 до 5;4100;750569;
рандом от 0 до 5;4100;17460304;
рандом от 0 до 5;4100;625765;
рандом от 0 до 5;4100;2874945;
рандом от 0 до 5;4100;54332;
рандом от 0 до 5;4100;25226285;
рандом от 0 до 5;4100;196970;
рандом от 0 до 5;4100;258750;
рандом от 0 до 4000;100;12851;
рандом от 0 до 4000;100;24750;
рандом от 0 до 4000;100;29373;
рандом от 0 до 4000;100;43928;
рандом от 0 до 4000;100;1927;
рандом от 0 до 4000;100;10643;
рандом от 0 до 4000;100;9624;
рандом от 0 до 4000;100;9424;
рандом от 0 до 4000;100;3539;
рандом от 0 до 4000;100;2332;
рандом от 0 до 4000;100;15254;
рандом от 0 до 4000;100;2660;
рандом от 0 до 4000;100;2947;
рандом от 0 до 4000;200;52514;
рандом от 0 до 4000;200;99500;
рандом от 0 до 4000;200;119213;
рандом от 0 до 4000;200;173159;
рандом от 0 до 4000;200;3827;
рандом от 0 до 4000;200;24302;
рандом от 0 до 4000;200;42189;
рандом от 0 до 4000;200;21068;
рандом от 0 до 4000;200;10427;
рандом от 0 до 4000;200;3632;
рандом от 0 до 4000;200;60544;
рандом от 0 до 4000;200;5952;
рандом от 0 до 4000;200;6936;
рандом от 0 до 4000;300;119931;
рандом от 0 до 4000;300;224250;
рандом от 0 до 4000;300;259685;
рандом от 0 до 4000;300;408844;
рандом от 0 до 4000;300;5727;
рандом от 0 до 4000;300;38442;
рандом от 0 до 4000;300;100624;
рандом от 0 до 4000;300;33476;
рандом от 0 до 4000;300;20521;
рандом от 0 до 4000;300;4932;
рандом от 0 до 4000;300;135820;
рандом от 0 до 4000;300;9744;
рандом от 0 до 4000;300;12056;
рандом от 0 до 4000;400;205310;
рандом от 0 до 4000;400;399000;
рандом от 0 до 4000;400;470472;
рандом от 0 до 4000;400;724932;
рандом от 0 до 4000;400;7627;
рандом от 0 до 4000;400;53747;
рандом от 0 до 4000;400;173784;
рандом от 0 до 4000;400;46539;
рандом от 0 до 4000;400;34557;
рандом от 0 до 4000;400;6232;
рандом от 0 до 4000;400;241108;
рандом от 0 до 4000;400;14031;
рандом от 0 до 4000;400;16655;
рандом от 0 до 4000;500;316891;
рандом от 0 до 4000;500;623750;
рандом от 0 до 4000;500;738627;
рандом от 0 до 4000;500;1121398;
рандом от 0 до 4000;500;9527;
рандом от 0 до 4000;500;68601;
рандом от 0 до 4000;500;269554;
рандом от 0 до 4000;500;59525;
рандом от 0 до 4000;500;49807;
рандом от 0 до 4000;500;7532;
рандом от 0 до 4000;500;376373;
рандом от 0 до 4000;500;18527;
рандом от 0 до 4000;500;20380;
рандом от 0 до 4000;600;444913;
рандом от 0 до 4000;600;898500;
рандом от 0 до 4000;600;1071410;
рандом от 0 до 4000;600;1615791;
рандом от 0 до 4000;600;11427;
рандом от 0 до 4000;600;85780;
рандом от 0 до 4000;600;379089;
рандом от 0 до 4000;600;73607;
рандом от 0 до 4000;600;71489;
рандом от 0 до 4000;600;8832;
рандом от 0 до 4000;600;541640;
рандом от 0 до 4000;600;22607;
рандом от 0 до 4000;600;27638;
рандом от 0 до 4000;700;588392;
рандом от 0 до 4000;700;1223250;
рандом от 0 до 4000;700;1473992;
рандом от 0 до 4000;700;2200320;
рандом от 0 до 4000;700;13327;
рандом от 0 до 4000;700;103172;
рандом от 0 до 4000;700;497604;
рандом от 0 до 4000;700;87863;
рандом от 0 до 4000;700;95253;
рандом от 0 до 4000;700;10132;
рандом от 0 до 4000;700;736890;
рандом от 0 до 4000;700;26891;
рандом от 0 до 4000;700;31522;
рандом от 0 до 4000;800;782366;
рандом от 0 до 4000;800;1598000;
рандом от 0 до 4000;800;1913123;
рандом от 0 до 4000;800;2872478;
рандом от 0 до 4000;800;15227;
рандом от 0 до 4000;800;118884;
рандом от 0 до 4000;800;661114;
рандом от 0 до 4000;800;101967;
рандом от 0 до 4000;800;126163;
рандом от 0 до 4000;800;11432;
рандом от 0 до 4000;800;962182;
рандом от 0 до 4000;800;31402;
рандом от 0 до 4000;800;38330;
рандом от 0 до 4000;900;1000678;
рандом от 0 до 4000;900;2022750;
рандом от 0 до 4000;900;2409157;
рандом от 0 до 4000;900;3643016;
рандом от 0 до 4000;900;17127;
рандом от 0 до 4000;900;135238;
рандом от 0 до 4000;900;842864;
рандом от 0 до 4000;900;116043;
рандом от 0 до 4000;900;152595;
рандом от 0 до 4000;900;12732;
рандом от 0 до 4000;900;1217505;
рандом от 0 до 4000;900;36530;
рандом от 0 до 4000;900;42062;
рандом от 0 до 4000;1000;1259130;
рандом от 0 до 4000;1000;2497500;
рандом от 0 до 4000;1000;2967598;
рандом от 0 до 4000;1000;4501687;
рандом от 0 до 4000;1000;19027;
рандом от 0 до 4000;1000;150540;
рандом от 0 до 4000;1000;1058909;
рандом от 0 до 4000;1000;130220;
рандом от 0 до 4000;1000;184283;
рандом от 0 до 4000;1000;14032;
рандом от 0 до 4000;1000;1502756;
рандом от 0 до 4000;1000;41270;
рандом от 0 до 4000;1000;46369;
рандом от 0 до 4000;1100;1536511;
рандом от 0 до 4000;1100;3022250;
рандом от 0 до 4000;1100;3571530;
рандом от 0 до 4000;1100;5476961;
рандом от 0 до 4000;1100;20927;
рандом от 0 до 4000;1100;169004;
рандом от 0 до 4000;1100;1306099;
рандом от 0 до 4000;1100;145209;
рандом от 0 до 4000;1100;226289;
рандом от 0 до 4000;1100;15332;
рандом от 0 до 4000;1100;1818082;
рандом от 0 до 4000;1100;45810;
рандом от 0 до 4000;1100;57323;
рандом от 0 до 4000;1200;1812439;
рандом от 0 до 4000;1200;3597000;
рандом от 0 до 4000;1200;4260540;
рандом от 0 до 4000;1200;6478927;
рандом от 0 до 4000;1200;22827;
рандом от 0 до 4000;1200;186978;
рандом от 0 до 4000;1200;1541289;
рандом от 0 до 4000;1200;160481;
рандом от 0 до 4000;1200;262481;
рандом от 0 до 4000;1200;16632;
рандом от 0 до 4000;1200;2163324;
рандом от 0 до 4000;1200;50414;
рандом от 0 до 4000;1200;62312;
рандом от 0 до 4000;1300;2083376;
рандом от 0 до 4000;1300;4221750;
рандом от 0 до 4000;1300;5033598;
рандом от 0 до 4000;1300;7618193;
рандом от 0 до 4000;1300;24727;
рандом от 0 до 4000;1300;206304;
рандом от 0 до 4000;1300;1766579;
рандом от 0 до 4000;1300;175824;
рандом от 0 до 4000;1300;306865;
рандом от 0 до 4000;1300;17932;
рандом от 0 до 4000;1300;2538578;
рандом от 0 до 4000;1300;55154;
рандом от 0 до 4000;1300;67130;
рандом от 0 до 4000;1400;2411172;
рандом от 0 до 4000;1400;4896500;
рандом от 0 до 4000;1400;5831437;
рандом от 0 до 4000;1400;8851191;
рандом от 0 до 4000;1400;26627;
рандом от 0 до 4000;1400;223615;
рандом от 0 до 4000;1400;2055629;
рандом от 0 до 4000;1400;191079;
рандом от 0 до 4000;1400;355131;
рандом от 0 до 4000;1400;19232;
рандом от 0 до 4000;1400;2943864;
рандом от 0 до 4000;1400;59866;
рандом от 0 до 4000;1400;71367;
рандом от 0 до 4000;1500;2753685;
рандом от 0 до 4000;1500;5621250;
рандом от 0 до 4000;1500;6695153;
рандом от 0 до 4000;1500;10154354;
рандом от 0 до 4000;1500;28527;
рандом от 0 до 4000;1500;242384;
рандом от 0 до 4000;1500;2353154;
рандом от 0 до 4000;1500;206302;
рандом от 0 до 4000;1500;403879;
рандом от 0 до 4000;1500;20532;
рандом от 0 до 4000;1500;3379124;
рандом от 0 до 4000;1500;64506;
рандом от 0 до 4000;1500;75896;
рандом от 0 до 4000;1600;3144058;
рандом от 0 до 4000;1600;6396000;
рандом от 0 до 4000;1600;7605623;
рандом от 0 до 4000;1600;11572051;
рандом от 0 до 4000;1600;30427;
рандом от 0 до 4000;1600;260412;
рандом от 0 до 4000;1600;2694309;
рандом от 0 до 4000;1600;221570;
рандом от 0 до 4000;1600;459111;
рандом от 0 до 4000;1600;21832;
рандом от 0 до 4000;1600;3844436;
рандом от 0 до 4000;1600;69342;
рандом от 0 до 4000;1600;86967;
рандом от 0 до 4000;1700;3543382;
рандом от 0 до 4000;1700;7220750;
рандом от 0 до 4000;1700;8587397;
рандом от 0 до 4000;1700;13020193;
рандом от 0 до 4000;1700;32327;
рандом от 0 до 4000;1700;279095;
рандом от 0 до 4000;1700;3038559;
рандом от 0 до 4000;1700;236951;
рандом от 0 до 4000;1700;514151;
рандом от 0 до 4000;1700;23132;
рандом от 0 до 4000;1700;4339663;
рандом от 0 до 4000;1700;74174;
рандом от 0 до 4000;1700;86905;
рандом от 0 до 4000;1800;3933453;
рандом от 0 до 4000;1800;8095500;
рандом от 0 до 4000;1800;9664458;
рандом от 0 до 4000;1800;14620524;
рандом от 0 до 4000;1800;34227;
рандом от 0 до 4000;1800;296538;
рандом от 0 до 4000;1800;3374744;
рандом от 0 до 4000;1800;252134;
рандом от 0 до 4000;1800;572939;
рандом от 0 до 4000;1800;24432;
рандом от 0 до 4000;1800;4864912;
рандом от 0 до 4000;1800;78786;
рандом от 0 до 4000;1800;94610;
рандом от 0 до 4000;1900;4381985;
рандом от 0 до 4000;1900;9020250;
рандом от 0 до 4000;1900;10753037;
рандом от 0 до 4000;1900;16308065;
рандом от 0 до 4000;1900;36127;
рандом от 0 до 4000;1900;313730;
рандом от 0 до 4000;1900;3770099;
рандом от 0 до 4000;1900;267437;
рандом от 0 до 4000;1900;633963;
рандом от 0 до 4000;1900;25732;
рандом от 0 до 4000;1900;5420224;
рандом от 0 до 4000;1900;83746;
рандом от 0 до 4000;1900;96851;
рандом от 0 до 4000;2000;4815461;
рандом от 0 до 4000;2000;9995000;
рандом от 0 до 4000;2000;11946140;
рандом от 0 до 4000;2000;18056024;
рандом от 0 до 4000;2000;38027;
рандом от 0 до 4000;2000;334627;
рандом от 0 до 4000;2000;4143744;
рандом от 0 до 4000;2000;282569;
рандом от 0 до 4000;2000;701833;
рандом от 0 до 4000;2000;27032;
рандом от 0 до 4000;2000;6005502;
рандом от 0 до 4000;2000;88254;
рандом от 0 до 4000;2000;103617;
рандом от 0 до 4000;2100;5337741;
рандом от 0 до 4000;2100;11019750;
рандом от 0 до 4000;2100;13137152;
рандом от 0 до 4000;2100;19949661;
рандом от 0 до 4000;2100;39927;
рандом от 0 до 4000;2100;353379;
рандом от 0 до 4000;2100;4601279;
рандом от 0 до 4000;2100;298391;
рандом от 0 до 4000;2100;774573;
рандом от 0 до 4000;2100;28332;
рандом от 0 до 4000;2100;6620794;
рандом от 0 до 4000;2100;93326;
рандом от 0 до 4000;2100;117917;
рандом от 0 до 4000;2200;5889594;
рандом от 0 до 4000;2200;12094500;
рандом от 0 до 4000;2200;14383228;
рандом от 0 до 4000;2200;21917397;
рандом от 0 до 4000;2200;41827;
рандом от 0 до 4000;2200;372379;
рандом от 0 до 4000;2200;5092179;
рандом от 0 до 4000;2200;314925;
рандом от 0 до 4000;2200;849535;
рандом от 0 до 4000;2200;29632;
рандом от 0 до 4000;2200;7266038;
рандом от 0 до 4000;2200;98674;
рандом от 0 до 4000;2200;125251;
рандом от 0 до 4000;2300;6406489;
рандом от 0 до 4000;2300;13219250;
рандом от 0 до 4000;2300;15755143;
рандом от 0 до 4000;2300;23879568;
рандом от 0 до 4000;2300;43727;
рандом от 0 до 4000;2300;392867;
рандом от 0 до 4000;2300;5536824;
рандом от 0 до 4000;2300;331422;
рандом от 0 до 4000;2300;927581;
рандом от 0 до 4000;2300;30932;
рандом от 0 до 4000;2300;7941375;
рандом от 0 до 4000;2300;103566;
рандом от 0 до 4000;2300;129039;
рандом от 0 до 4000;2400;6931213;
рандом от 0 до 4000;2400;14394000;
рандом от 0 до 4000;2400;17190617;
рандом от 0 до 4000;2400;25978484;
рандом от 0 до 4000;2400;45627;
рандом от 0 до 4000;2400;414374;
рандом от 0 до 4000;2400;5981484;
рандом от 0 до 4000;2400;347761;
рандом от 0 до 4000;2400;1005629;
рандом от 0 до 4000;2400;32232;
рандом от 0 до 4000;2400;8646601;
рандом от 0 до 4000;2400;108094;
рандом от 0 до 4000;2400;138947;
рандом от 0 до 4000;2500;7548173;
рандом от 0 до 4000;2500;15618750;
рандом от 0 до 4000;2500;18620447;
рандом от 0 до 4000;2500;28237602;
рандом от 0 до 4000;2500;47527;
рандом от 0 до 4000;2500;432722;
рандом от 0 до 4000;2500;6529234;
рандом от 0 до 4000;2500;364128;
рандом от 0 до 4000;2500;1087931;
рандом от 0 до 4000;2500;33532;
рандом от 0 до 4000;2500;9381900;
рандом от 0 до 4000;2500;113150;
рандом от 0 до 4000;2500;144081;
рандом от 0 до 4000;2600;8191636;
рандом от 0 до 4000;2600;16893500;
рандом от 0 до 4000;2600;20096213;
рандом от 0 до 4000;2600;30610168;
рандом от 0 до 4000;2600;49427;
рандом от 0 до 4000;2600;453063;
рандом от 0 до 4000;2600;7103464;
рандом от 0 до 4000;2600;380413;
рандом от 0 до 4000;2600;1173071;
рандом от 0 до 4000;2600;34832;
рандом от 0 до 4000;2600;10147200;
рандом от 0 до 4000;2600;118290;
рандом от 0 до 4000;2600;147504;
рандом от 0 до 4000;2700;8787788;
рандом от 0 до 4000;2700;18218250;
рандом от 0 до 4000;2700;21732562;
рандом от 0 до 4000;2700;32993105;
рандом от 0 до 4000;2700;51327;
рандом от 0 до 4000;2700;471830;
рандом от 0 до 4000;2700;7608859;
рандом от 0 до 4000;2700;396961;
рандом от 0 до 4000;2700;1264265;
рандом от 0 до 4000;2700;36132;
рандом от 0 до 4000;2700;10942459;
рандом от 0 до 4000;2700;122882;
рандом от 0 до 4000;2700;153070;
рандом от 0 до 4000;2800;9477412;
рандом от 0 до 4000;2800;19593000;
рандом от 0 до 4000;2800;23324002;
рандом от 0 до 4000;2800;35469904;
рандом от 0 до 4000;2800;53227;
рандом от 0 до 4000;2800;492262;
рандом от 0 до 4000;2800;8217884;
рандом от 0 до 4000;2800;413169;
рандом от 0 до 4000;2800;1359749;
рандом от 0 до 4000;2800;37432;
рандом от 0 до 4000;2800;11767766;
рандом от 0 до 4000;2800;128302;
рандом от 0 до 4000;2800;159263;
рандом от 0 до 4000;2900;10126346;
рандом от 0 до 4000;2900;21017750;
рандом от 0 до 4000;2900;25074598;
рандом от 0 до 4000;2900;37913871;
рандом от 0 до 4000;2900;55127;
рандом от 0 до 4000;2900;509673;
рандом от 0 до 4000;2900;8778449;
рандом от 0 до 4000;2900;429627;
рандом от 0 до 4000;2900;1458941;
рандом от 0 до 4000;2900;38732;
рандом от 0 до 4000;2900;12622984;
рандом от 0 до 4000;2900;133566;
рандом от 0 до 4000;2900;162382;
рандом от 0 до 4000;3000;10832870;
рандом от 0 до 4000;3000;22492500;
рандом от 0 до 4000;3000;26890847;
рандом от 0 до 4000;3000;40593736;
рандом от 0 до 4000;3000;57027;
рандом от 0 до 4000;3000;530913;
рандом от 0 до 4000;3000;9339024;
рандом от 0 до 4000;3000;445819;
рандом от 0 до 4000;3000;1555103;
рандом от 0 до 4000;3000;40032;
рандом от 0 до 4000;3000;13508268;
рандом от 0 до 4000;3000;138446;
рандом от 0 до 4000;3000;168893;
рандом от 0 до 4000;3100;11544198;
рандом от 0 до 4000;3100;24017250;
рандом от 0 до 4000;3100;28769617;
рандом от 0 до 4000;3100;43412826;
рандом от 0 до 4000;3100;58927;
рандом от 0 до 4000;3100;551648;
рандом от 0 до 4000;3100;9895834;
рандом от 0 до 4000;3100;462162;
рандом от 0 до 4000;3100;1659257;
рандом от 0 до 4000;3100;41332;
рандом от 0 до 4000;3100;14423567;
рандом от 0 до 4000;3100;143750;
рандом от 0 до 4000;3100;174000;
рандом от 0 до 4000;3200;12380492;
рандом от 0 до 4000;3200;25592000;
рандом от 0 до 4000;3200;30629572;
рандом от 0 до 4000;3200;46160205;
рандом от 0 до 4000;3200;60827;
рандом от 0 до 4000;3200;573129;
рандом от 0 до 4000;3200;10575639;
рандом от 0 до 4000;3200;478577;
рандом от 0 до 4000;3200;1768147;
рандом от 0 до 4000;3200;42632;
рандом от 0 до 4000;3200;15368826;
рандом от 0 до 4000;3200;149042;
рандом от 0 до 4000;3200;193681;
рандом от 0 до 4000;3300;13245513;
рандом от 0 до 4000;3300;27216750;
рандом от 0 до 4000;3300;32558437;
рандом от 0 до 4000;3300;49158026;
рандом от 0 до 4000;3300;62727;
рандом от 0 до 4000;3300;590555;
рандом от 0 до 4000;3300;11282754;
рандом от 0 до 4000;3300;495113;
рандом от 0 до 4000;3300;1879741;
рандом от 0 до 4000;3300;43932;
рандом от 0 до 4000;3300;16344088;
рандом от 0 до 4000;3300;154642;
рандом от 0 до 4000;3300;188109;
рандом от 0 до 4000;3400;14118774;
рандом от 0 до 4000;3400;28891500;
рандом от 0 до 4000;3400;34548732;
рандом от 0 до 4000;3400;52103483;
рандом от 0 до 4000;3400;64627;
рандом от 0 до 4000;3400;609349;
рандом от 0 до 4000;3400;11992189;
рандом от 0 до 4000;3400;511418;
рандом от 0 до 4000;3400;1985389;
рандом от 0 до 4000;3400;45232;
рандом от 0 до 4000;3400;17349372;
рандом от 0 до 4000;3400;159886;
рандом от 0 до 4000;3400;193119;
рандом от 0 до 4000;3500;14961017;
рандом от 0 до 4000;3500;30616250;
рандом от 0 до 4000;3500;36664228;
рандом от 0 до 4000;3500;55238348;
рандом от 0 до 4000;3500;66527;
рандом от 0 до 4000;3500;629471;
рандом от 0 до 4000;3500;12651484;
рандом от 0 до 4000;3500;527847;
рандом от 0 до 4000;3500;2117433;
рандом от 0 до 4000;3500;46532;
рандом от 0 до 4000;3500;18384676;
рандом от 0 до 4000;3500;165094;
рандом от 0 до 4000;3500;194730;
рандом от 0 до 4000;3600;15814628;
рандом от 0 до 4000;3600;32391000;
рандом от 0 до 4000;3600;38831233;
рандом от 0 до 4000;3600;58529319;
рандом от 0 до 4000;3600;68427;
рандом от 0 до 4000;3600;652189;
рандом от 0 до 4000;3600;13314169;
рандом от 0 до 4000;3600;544328;
рандом от 0 до 4000;3600;2224495;
рандом от 0 до 4000;3600;47832;
рандом от 0 до 4000;3600;19449919;
рандом от 0 до 4000;3600;169902;
рандом от 0 до 4000;3600;208019;
рандом от 0 до 4000;3700;16827234;
рандом от 0 до 4000;3700;34215750;
рандом от 0 до 4000;3700;40943662;
рандом от 0 до 4000;3700;61808746;
рандом от 0 до 4000;3700;70327;
рандом от 0 до 4000;3700;669926;
рандом от 0 до 4000;3700;14150154;
рандом от 0 до 4000;3700;560719;
рандом от 0 до 4000;3700;2351085;
рандом от 0 до 4000;3700;49132;
рандом от 0 до 4000;3700;20545260;
рандом от 0 до 4000;3700;175330;
рандом от 0 до 4000;3700;207559;
рандом от 0 до 4000;3800;17844260;
рандом от 0 до 4000;3800;36090500;
рандом от 0 до 4000;3800;43129427;
рандом от 0 до 4000;3800;65270353;
рандом от 0 до 4000;3800;72227;
рандом от 0 до 4000;3800;686856;
рандом от 0 до 4000;3800;14989239;
рандом от 0 до 4000;3800;577204;
рандом от 0 до 4000;3800;2494539;
рандом от 0 до 4000;3800;50432;
рандом от 0 до 4000;3800;21670489;
рандом от 0 до 4000;3800;180566;
рандом от 0 до 4000;3800;215403;
рандом от 0 до 4000;3900;18861626;
рандом от 0 до 4000;3900;38015250;
рандом от 0 до 4000;3900;45411508;
рандом от 0 до 4000;3900;68756162;
рандом от 0 до 4000;3900;74127;
рандом от 0 до 4000;3900;707083;
рандом от 0 до 4000;3900;15806434;
рандом от 0 до 4000;3900;593242;
рандом от 0 до 4000;3900;2612011;
рандом от 0 до 4000;3900;51732;
рандом от 0 до 4000;3900;22825765;
рандом от 0 до 4000;3900;186070;
рандом от 0 до 4000;3900;219355;
рандом от 0 до 4000;4000;19802082;
рандом от 0 до 4000;4000;39990000;
рандом от 0 до 4000;4000;47828317;
рандом от 0 до 4000;4000;72265719;
рандом от 0 до 4000;4000;76027;
рандом от 0 до 4000;4000;729480;
рандом от 0 до 4000;4000;16533789;
рандом от 0 до 4000;4000;609496;
рандом от 0 до 4000;4000;2737417;
рандом от 0 до 4000;4000;53032;
рандом от 0 до 4000;4000;24011037;
рандом от 0 до 4000;4000;191390;
рандом от 0 до 4000;4000;231800;
рандом от 0 до 4000;4100;20930738;
рандом от 0 до 4000;4100;42014750;
рандом от 0 до 4000;4100;50162095;
рандом от 0 до 4000;4100;75940488;
рандом от 0 до 4000;4100;77927;
рандом от 0 до 4000;4100;750569;
рандом от 0 до 4000;4100;17460304;
рандом от 0 до 4000;4100;625765;
рандом от 0 до 4000;4100;2874945;
рандом от 0 до 4000;4100;54332;
рандом от 0 до 4000;4100;25226285;
рандом от 0 до 4000;4100;196970;
рандом от 0 до 4000;4100;258750;
почти отсортирован;100;4407;
почти отсортирован;100;24750;
почти отсортирован;100;44750;
почти отсортирован;100;802;
почти отсортирован;100;2303;
почти отсортирован;100;12942;
почти отсортирован;100;594;
почти отсортирован;100;9728;
почти отсортирован;100;20890;
почти отсортирован;100;2524;
почти отсортирован;100;15051;
почти отсортирован;100;2044;
почти отсортирован;100;2515;
почти отсортирован;200;10211;
почти отсортирован;200;99500;
почти отсортирован;200;179500;
почти отсортирован;200;1602;
почти отсортирован;200;4603;
почти отсортирован;200;29708;
почти отсортирован;200;1194;
почти отсортирован;200;21776;
почти отсортирован;200;81790;
почти отсортирован;200;4024;
почти отсортирован;200;60101;
почти отсортирован;200;4884;
почти отсортирован;200;6015;
почти отсортирован;300;16684;
почти отсортирован;300;224250;
почти отсортирован;300;404083;
почти отсортирован;300;4889;
почти отсортирован;300;14947;
почти отсортирован;300;47707;
почти отсортирован;300;1959;
почти отсортирован;300;34615;
почти отсортирован;300;181485;
почти отсортирован;300;9782;
почти отсортирован;300;135217;
почти отсортирован;300;8016;
почти отсортирован;300;10619;
почти отсортирован;400;23884;
почти отсортирован;400;399000;
почти отсортирован;400;718333;
почти отсортирован;400;6789;
почти отсортирован;400;16847;
почти отсортирован;400;66805;
почти отсортирован;400;3059;
почти отсортирован;400;48029;
почти отсортирован;400;321985;
почти отсортирован;400;12182;
почти отсортирован;400;240467;
почти отсортирован;400;11911;
почти отсортирован;400;14414;
почти отсортирован;500;31084;
почти отсортирован;500;623750;
почти отсортирован;500;1122583;
почти отсортирован;500;8689;
почти отсортирован;500;18747;
почти отсортирован;500;85994;
почти отсортирован;500;4159;
почти отсортирован;500;61373;
почти отсортирован;500;502485;
почти отсортирован;500;14582;
почти отсортирован;500;375717;
почти отсортирован;500;15811;
почти отсортирован;500;18229;
почти отсортирован;600;38900;
почти отсортирован;600;898500;
почти отсортирован;600;1616833;
почти отсортирован;600;10589;
почти отсортирован;600;20647;
почти отсортирован;600;106519;
почти отсортирован;600;5259;
почти отсортирован;600;75889;
почти отсортирован;600;722985;
почти отсортирован;600;16982;
почти отсортирован;600;540967;
почти отсортирован;600;19711;
почти отсортирован;600;25019;
почти отсортирован;700;46800;
почти отсортирован;700;1223250;
почти отсортирован;700;2201083;
почти отсортирован;700;12489;
почти отсортирован;700;22547;
почти отсортирован;700;127577;
почти отсортирован;700;6359;
почти отсортирован;700;90473;
почти отсортирован;700;983485;
почти отсортирован;700;19382;
почти отсортирован;700;736217;
почти отсортирован;700;23611;
почти отсортирован;700;29329;
почти отсортирован;800;54700;
почти отсортирован;800;1598000;
почти отсортирован;800;2875333;
почти отсортирован;800;14389;
почти отсортирован;800;24447;
почти отсортирован;800;148335;
почти отсортирован;800;7459;
почти отсортирован;800;105019;
почти отсортирован;800;1283985;
почти отсортирован;800;21782;
почти отсортирован;800;961467;
почти отсортирован;800;28006;
почти отсортирован;800;33614;
почти отсортирован;900;62600;
почти отсортирован;900;2022750;
почти отсортирован;900;3639583;
почти отсортирован;900;16289;
почти отсортирован;900;26347;
почти отсортирован;900;169472;
почти отсортирован;900;8559;
почти отсортирован;900;119545;
почти отсортирован;900;1624485;
почти отсортирован;900;24182;
почти отсортирован;900;1216717;
почти отсортирован;900;32406;
почти отсортирован;900;37919;
почти отсортирован;1000;70500;
почти отсортирован;1000;2497500;
почти отсортирован;1000;4493833;
почти отсортирован;1000;18189;
почти отсортирован;1000;28247;
почти отсортирован;1000;190411;
почти отсортирован;1000;9659;
почти отсортирован;1000;134011;
почти отсортирован;1000;2004985;
почти отсортирован;1000;26582;
почти отсортирован;1000;1501967;
почти отсортирован;1000;36806;
почти отсортирован;1000;42229;
почти отсортирован;1100;78932;
почти отсортирован;1100;3022250;
почти отсортирован;1100;5438083;
почти отсортирован;1100;20089;
почти отсортирован;1100;30147;
почти отсортирован;1100;212578;
почти отсортирован;1100;10759;
почти отсортирован;1100;149545;
почти отсортирован;1100;2425485;
почти отсортирован;1100;28982;
почти отсортирован;1100;1817217;
почти отсортирован;1100;41206;
почти отсортирован;1100;52019;
почти отсортирован;1200;87532;
почти отсортирован;1200;3597000;
почти отсортирован;1200;6472333;
почти отсортирован;1200;21989;
почти отсортирован;1200;32047;
почти отсортирован;1200;235277;
почти отсортирован;1200;11859;
почти отсортирован;1200;165339;
почти отсортирован;1200;2885985;
почти отсортирован;1200;31382;
почти отсортирован;1200;2162467;
почти отсортирован;1200;45606;
почти отсортирован;1200;56819;
почти отсортирован;1300;96132;
почти отсортирован;1300;4221750;
почти отсортирован;1300;7596583;
почти отсортирован;1300;23889;
почти отсортирован;1300;33947;
почти отсортирован;1300;258300;
почти отсортирован;1300;12959;
почти отсортирован;1300;181077;
почти отсортирован;1300;3386485;
почти отсортирован;1300;33782;
почти отсортирован;1300;2537717;
почти отсортирован;1300;50006;
почти отсортирован;1300;61619;
почти отсортирован;1400;104767;
почти отсортирован;1400;4896500;
почти отсортирован;1400;8810798;
почти отсортирован;1400;67922;
почти отсортирован;1400;35847;
почти отсортирован;1400;280913;
почти отсортирован;1400;14094;
почти отсортирован;1400;196805;
почти отсортирован;1400;3905942;
почти отсортирован;1400;36182;
почти отсортирован;1400;2942967;
почти отсортирован;1400;54410;
почти отсортирован;1400;66438;
почти отсортирован;1500;113367;
почти отсортирован;1500;5621250;
почти отсортирован;1500;10115048;
почти отсортирован;1500;69822;
почти отсортирован;1500;37747;
почти отсортирован;1500;304009;
почти отсортирован;1500;15194;
почти отсортирован;1500;212489;
почти отсортирован;1500;4486442;
почти отсортирован;1500;38582;
почти отсортирован;1500;3378217;
почти отсортирован;1500;58810;
почти отсортирован;1500;71231;
почти отсортирован;1600;121967;
почти отсортирован;1600;6396000;
почти отсортирован;1600;11509298;
почти отсортирован;1600;71722;
почти отсортирован;1600;39647;
почти отсортирован;1600;326769;
почти отсортирован;1600;16294;
почти отсортирован;1600;228195;
почти отсортирован;1600;5106942;
почти отсортирован;1600;40982;
почти отсортирован;1600;3843467;
почти отсортирован;1600;63210;
почти отсортирован;1600;76017;
почти отсортирован;1700;130567;
почти отсортирован;1700;7220750;
почти отсортирован;1700;12993548;
почти отсортирован;1700;73622;
почти отсортирован;1700;41547;
почти отсортирован;1700;349475;
почти отсортирован;1700;17394;
почти отсортирован;1700;243909;
почти отсортирован;1700;5767442;
почти отсортирован;1700;43382;
почти отсортирован;1700;4338717;
почти отсортирован;1700;67610;
почти отсортирован;1700;80839;
почти отсортирован;1800;139167;
почти отсортирован;1800;8095500;
почти отсортирован;1800;14567798;
почти отсортирован;1800;75522;
почти отсортирован;1800;43447;
почти отсортирован;1800;372213;
почти отсортирован;1800;18494;
почти отсортирован;1800;259543;
почти отсортирован;1800;6467942;
почти отсортирован;1800;45782;
почти отсортирован;1800;4863967;
почти отсортирован;1800;72010;
почти отсортирован;1800;85622;
почти отсортирован;1900;147767;
почти отсортирован;1900;9020250;
почти отсортирован;1900;16232048;
почти отсортирован;1900;77422;
почти отсортирован;1900;45347;
почти отсортирован;1900;395329;
почти отсортирован;1900;19594;
почти отсортирован;1900;275207;
почти отсортирован;1900;7208442;
почти отсортирован;1900;48182;
почти отсортирован;1900;5419217;
почти отсортирован;1900;76410;
почти отсортирован;1900;90449;
почти отсортирован;2000;156367;
почти отсортирован;2000;9995000;
почти отсортирован;2000;17986298;
почти отсортирован;2000;79322;
почти отсортирован;2000;47247;
почти отсортирован;2000;418348;
почти отсортирован;2000;20694;
почти отсортирован;2000;290782;
почти отсортирован;2000;7988942;
почти отсортирован;2000;50582;
почти отсортирован;2000;6004467;
почти отсортирован;2000;80810;
почти отсортирован;2000;95226;
почти отсортирован;2100;165331;
почти отсортирован;2100;11019750;
почти отсортирован;2100;19830548;
почти отсортирован;2100;81222;
почти отсортирован;2100;49147;
почти отсортирован;2100;441805;
почти отсортирован;2100;21794;
почти отсортирован;2100;307112;
почти отсортирован;2100;8809442;
почти отсортирован;2100;52982;
почти отсортирован;2100;6619717;
почти отсортирован;2100;85210;
почти отсортирован;2100;110522;
почти отсортирован;2200;174631;
почти отсортирован;2200;12094500;
почти отсортирован;2200;21764798;
почти отсортирован;2200;83122;
почти отсортирован;2200;51047;
почти отсортирован;2200;466089;
почти отсортирован;2200;22894;
почти отсортирован;2200;324139;
почти отсортирован;2200;9669942;
почти отсортирован;2200;55382;
почти отсортирован;2200;7264967;
почти отсортирован;2200;89610;
почти отсортирован;2200;115822;
почти отсортирован;2300;183931;
почти отсортирован;2300;13219250;
почти отсортирован;2300;23789048;
почти отсортирован;2300;85022;
почти отсортирован;2300;52947;
почти отсортирован;2300;491030;
почти отсортирован;2300;23994;
почти отсортирован;2300;341064;
почти отсортирован;2300;10570442;
почти отсортирован;2300;57782;
почти отсортирован;2300;7940217;
почти отсортирован;2300;94010;
почти отсортирован;2300;121137;
почти отсортирован;2400;202994;
почти отсортирован;2400;14394000;
почти отсортирован;2400;25893530;
почти отсортирован;2400;21092860;
почти отсортирован;2400;55203;
почти отсортирован;2400;516589;
почти отсортирован;2400;34864;
почти отсортирован;2400;358117;
почти отсортирован;2400;9345888;
почти отсортирован;2400;60360;
почти отсортирован;2400;8641207;
почти отсортирован;2400;100530;
почти отсортирован;2400;128846;
почти отсортирован;2500;211794;
почти отсортирован;2500;15618750;
почти отсортирован;2500;28098280;
почти отсортирован;2500;21093660;
почти отсортирован;2500;57503;
почти отсортирован;2500;541382;
почти отсортирован;2500;35464;
почти отсортирован;2500;375102;
почти отсортирован;2500;10326788;
почти отсортирован;2500;62960;
почти отсортирован;2500;9376257;
почти отсортирован;2500;104530;
почти отсортирован;2500;134955;
почти отсортирован;2600;220594;
почти отсортирован;2600;16893500;
почти отсортирован;2600;30393030;
почти отсортирован;2600;21094460;
почти отсортирован;2600;59803;
почти отсортирован;2600;566211;
почти отсортирован;2600;36064;
почти отсортирован;2600;392097;
почти отсортирован;2600;11347688;
почти отсортирован;2600;65560;
почти отсортирован;2600;10141307;
почти отсортирован;2600;108530;
почти отсортирован;2600;135150;
почти отсортирован;2700;229394;
почти отсортирован;2700;18218250;
почти отсортирован;2700;32777780;
почти отсортирован;2700;21095260;
почти отсортирован;2700;62103;
почти отсортирован;2700;590892;
почти отсортирован;2700;36664;
почти отсортирован;2700;409113;
почти отсортирован;2700;12408588;
почти отсортирован;2700;68160;
почти отсортирован;2700;10936357;
почти отсортирован;2700;112530;
почти отсортирован;2700;135979;
почти отсортирован;2800;238194;
почти отсортирован;2800;19593000;
почти отсортирован;2800;35252530;
почти отсортирован;2800;21096060;
почти отсортирован;2800;64403;
почти отсортирован;2800;615879;
почти отсортирован;2800;37264;
почти отсортирован;2800;426065;
почти отсортирован;2800;13509488;
почти отсортирован;2800;70760;
почти отсортирован;2800;11761407;
почти отсортирован;2800;116530;
почти отсортирован;2800;150194;
почти отсортирован;2900;247219;
почти отсортирован;2900;21017750;
почти отсортирован;2900;37817047;
почти отсортирован;2900;21106419;
почти отсортирован;2900;70675;
почти отсортирован;2900;640656;
почти отсортирован;2900;38089;
почти отсортирован;2900;442982;
почти отсортирован;2900;14627195;
почти отсортирован;2900;73280;
почти отсортирован;2900;12616541;
почти отсортирован;2900;120702;
почти отсортирован;2900;156193;
почти отсортирован;3000;257019;
почти отсортирован;3000;22492500;
почти отсортирован;3000;40470797;
почти отсортирован;3000;21109419;
почти отсортирован;3000;72575;
почти отсортирован;3000;665063;
почти отсортирован;3000;39689;
почти отсортирован;3000;459770;
почти отсортирован;3000;15807295;
почти отсортирован;3000;75680;
почти отсортирован;3000;13501841;
почти отсортирован;3000;125342;
почти отсортирован;3000;160586;
почти отсортирован;3100;266819;
почти отсортирован;3100;24017250;
почти отсортирован;3100;43214547;
почти отсортирован;3100;21112419;
почти отсортирован;3100;74475;
почти отсортирован;3100;690277;
почти отсортирован;3100;41289;
почти отсортирован;3100;476572;
почти отсортирован;3100;17027395;
почти отсортирован;3100;78080;
почти отсортирован;3100;14417141;
почти отсортирован;3100;129966;
почти отсортирован;3100;166752;
почти отсортирован;3200;277059;
почти отсортирован;3200;25592000;
почти отсортирован;3200;46047847;
почти отсортирован;3200;21122795;
почти отсортирован;3200;76375;
почти отсортирован;3200;714637;
почти отсортирован;3200;43329;
почти отсортирован;3200;493385;
почти отсортирован;3200;18274713;
почти отсортирован;3200;80480;
почти отсортирован;3200;15362455;
почти отсортирован;3200;134718;
почти отсортирован;3200;173722;
почти отсортирован;3300;287359;
почти отсортирован;3300;27216750;
почти отсортирован;3300;48971097;
почти отсортирован;3300;21126895;
почти отсортирован;3300;78275;
почти отсортирован;3300;739568;
почти отсортирован;3300;45429;
почти отсортирован;3300;509766;
почти отсортирован;3300;19574402;
почти отсортирован;3300;82880;
почти отсортирован;3300;16337772;
почти отсортирован;3300;139510;
почти отсортирован;3300;176709;
почти отсортирован;3400;297659;
почти отсортирован;3400;28891500;
почти отсортирован;3400;51984347;
почти отсортирован;3400;21130995;
почти отсортирован;3400;80175;
почти отсортирован;3400;763913;
почти отсортирован;3400;47529;
почти отсортирован;3400;526842;
почти отсортирован;3400;20914119;
почти отсортирован;3400;85280;
почти отсортирован;3400;17343085;
почти отсортирован;3400;144246;
почти отсортирован;3400;179280;
почти отсортирован;3500;307959;
почти отсортирован;3500;30616250;
почти отсортирован;3500;55087597;
почти отсортирован;3500;21135095;
почти отсортирован;3500;82075;
почти отсортирован;3500;789150;
почти отсортирован;3500;49629;
почти отсортирован;3500;543623;
почти отсортирован;3500;22293813;
почти отсортирован;3500;87680;
почти отсортирован;3500;18378405;
почти отсортирован;3500;149038;
почти отсортирован;3500;188004;
почти отсортирован;3600;318259;
почти отсортирован;3600;32391000;
почти отсортирован;3600;58280847;
почти отсортирован;3600;21139195;
почти отсортирован;3600;83975;
почти отсортирован;3600;814110;
почти отсортирован;3600;51729;
почти отсортирован;3600;560707;
почти отсортирован;3600;23713502;
почти отсортирован;3600;90080;
почти отсортирован;3600;19443722;
почти отсортирован;3600;153830;
почти отсортирован;3600;189059;
почти отсортирован;3700;328559;
почти отсортирован;3700;34215750;
почти отсортирован;3700;61564097;
почти отсортирован;3700;21143295;
почти отсортирован;3700;85875;
почти отсортирован;3700;838654;
почти отсортирован;3700;53829;
почти отсортирован;3700;577379;
почти отсортирован;3700;25173219;
почти отсортирован;3700;92480;
почти отсортирован;3700;20539035;
почти отсортирован;3700;158566;
почти отсортирован;3700;199180;
почти отсортирован;3800;346869;
почти отсортирован;3800;36090500;
почти отсортирован;3800;64929353;
почти отсортирован;3800;32200969;
почти отсортирован;3800;87775;
почти отсортирован;3800;863542;
почти отсортирован;3800;63939;
почти отсортирован;3800;594149;
почти отсортирован;3800;15274919;
почти отсортирован;3800;94880;
почти отсортирован;3800;21663720;
почти отсортирован;3800;165478;
почти отсортирован;3800;201840;
почти отсортирован;3900;361119;
почти отсортирован;3900;38015250;
почти отсортирован;3900;68388655;
почти отсортирован;3900;33751223;
почти отсортирован;3900;89703;
почти отсортирован;3900;890127;
почти отсортирован;3900;69989;
почти отсортирован;3900;610421;
почти отсортирован;3900;15713523;
почти отсортирован;3900;97294;
почти отсортирован;3900;22816966;
почти отсортирован;3900;169566;
почти отсортирован;3900;211207;
почти отсортирован;4000;369919;
почти отсортирован;4000;39990000;
почти отсортирован;4000;71943405;
почти отсортирован;4000;33752023;
почти отсортирован;4000;92003;
почти отсортирован;4000;915271;
почти отсортирован;4000;70589;
почти отсортирован;4000;627165;
почти отсортирован;4000;17294423;
почти отсортирован;4000;99894;
почти отсортирован;4000;24002016;
почти отсортирован;4000;173566;
почти отсортирован;4000;208499;
почти отсортирован;4100;378747;
почти отсортирован;4100;42014750;
почти отсортирован;4100;75588155;
почти отсортирован;4100;33752823;
почти отсортирован;4100;94303;
почти отсортирован;4100;940126;
почти отсортирован;4100;71189;
почти отсортирован;4100;644008;
почти отсортирован;4100;18915323;
почти отсортирован;4100;102494;
почти отсортирован;4100;25217066;
почти отсортирован;4100;177566;
почти отсортирован;4100;242967;
обратно отсортирован;100;28758;
обратно отсортирован;100;24750;
обратно отсортирован;100;398;
обратно отсортирован;100;54856;
обратно отсортирован;100;2303;
обратно отсортирован;100;10600;
обратно отсортирован;100;25344;
обратно отсортирован;100;8700;
обратно отсортирован;100;15890;
обратно отсортирован;100;4450;
обратно отсортирован;100;17601;
обратно отсортирован;100;3060;
обратно отсортирован;100;3295;
обратно отсортирован;200;108871;
обратно отсортирован;200;99500;
обратно отсортирован;200;798;
обратно отсортирован;200;219706;
обратно отсортирован;200;4603;
обратно отсортирован;200;24415;
обратно отсортирован;200;100694;
обратно отсортирован;200;19420;
обратно отсортирован;200;61790;
обратно отсортирован;200;6850;
обратно отсортирован;200;70201;
обратно отсортирован;200;6884;
обратно отсортирован;200;7875;
обратно отсортирован;300;239621;
обратно отсортирован;300;224250;
обратно отсортирован;300;1198;
обратно отсортирован;300;494556;
обратно отсортирован;300;6903;
обратно отсортирован;300;40033;
обратно отсортирован;300;226044;
обратно отсортирован;300;30860;
обратно отсортирован;300;137690;
обратно отсортирован;300;9250;
обратно отсортирован;300;157801;
обратно отсортирован;300;11188;
обратно отсортирован;300;13520;
обратно отсортирован;400;420490;
обратно отсортирован;400;399000;
обратно отсортирован;400;1598;
обратно отсортирован;400;879406;
обратно отсортирован;400;9203;
обратно отсортирован;400;56390;
обратно отсортирован;400;401394;
обратно отсортирован;400;42860;
обратно отсортирован;400;243590;
обратно отсортирован;400;11650;
обратно отсортирован;400;280401;
обратно отсортирован;400;15603;
обратно отсортирован;400;18335;
обратно отсортирован;500;651940;
обратно отсортирован;500;623750;
обратно отсортирован;500;1998;
обратно отсортирован;500;1374256;
обратно отсортирован;500;11503;
обратно отсортирован;500;73243;
обратно отсортирован;500;626744;
обратно отсортирован;500;54860;
обратно отсортирован;500;379490;
обратно отсортирован;500;14050;
обратно отсортирован;500;438001;
обратно отсортирован;500;21175;
обратно отсортирован;500;23830;
обратно отсортирован;600;933390;
обратно отсортирован;600;898500;
обратно отсортирован;600;2398;
обратно отсортирован;600;1979106;
обратно отсортирован;600;13803;
обратно отсортирован;600;90839;
обратно отсортирован;600;902094;
обратно отсортирован;600;67740;
обратно отсортирован;600;545390;
обратно отсортирован;600;16450;
обратно отсортирован;600;630601;
обратно отсортирован;600;26339;
обратно отсортирован;600;30920;
обратно отсортирован;700;1264840;
обратно отсортирован;700;1223250;
обратно отсортирован;700;2798;
обратно отсортирован;700;2693956;
обратно отсортирован;700;16103;
обратно отсортирован;700;109012;
обратно отсортирован;700;1227444;
обратно отсортирован;700;80740;
обратно отсортирован;700;741290;
обратно отсортирован;700;18850;
обратно отсортирован;700;858201;
обратно отсортирован;700;31095;
обратно отсортирован;700;36790;
обратно отсортирован;800;1646521;
обратно отсортирован;800;1598000;
обратно отсортирован;800;3198;
обратно отсортирован;800;3518806;
обратно отсортирован;800;18403;
обратно отсортирован;800;127510;
обратно отсортирован;800;1602794;
обратно отсортирован;800;93740;
обратно отсортирован;800;967190;
обратно отсортирован;800;21250;
обратно отсортирован;800;1120801;
обратно отсортирован;800;35898;
обратно отсортирован;800;41855;
обратно отсортирован;900;2078671;
обратно отсортирован;900;2022750;
обратно отсортирован;900;3598;
обратно отсортирован;900;4453656;
обратно отсортирован;900;20703;
обратно отсортирован;900;146491;
обратно отсортирован;900;2028144;
обратно отсортирован;900;106740;
обратно отсортирован;900;1223090;
обратно отсортирован;900;23650;
обратно отсортирован;900;1418401;
обратно отсортирован;900;41218;
обратно отсортирован;900;48560;
обратно отсортирован;1000;2560821;
обратно отсортирован;1000;2497500;
обратно отсортирован;1000;3998;
обратно отсортирован;1000;5498506;
обратно отсортирован;1000;23003;
обратно отсортирован;1000;164229;
обратно отсортирован;1000;2503494;
обратно отсортирован;1000;119740;
обратно отсортирован;1000;1508990;
обратно отсортирован;1000;26050;
обратно отсортирован;1000;1751001;
обратно отсортирован;1000;46234;
обратно отсортирован;1000;54130;
обратно отсортирован;1100;3092971;
обратно отсортирован;1100;3022250;
обратно отсортирован;1100;4398;
обратно отсортирован;1100;6653356;
обратно отсортирован;1100;25303;
обратно отсортирован;1100;184613;
обратно отсортирован;1100;3028844;
обратно отсортирован;1100;133500;
обратно отсортирован;1100;1824890;
обратно отсортирован;1100;28450;
обратно отсортирован;1100;2118601;
обратно отсортирован;1100;51874;
обратно отсортирован;1100;63224;
обратно отсортирован;1200;3675121;
обратно отсортирован;1200;3597000;
обратно отсортирован;1200;4798;
обратно отсортирован;1200;7918206;
обратно отсортирован;1200;27603;
обратно отсортирован;1200;203691;
обратно отсортирован;1200;3604194;
обратно отсортирован;1200;147500;
обратно отсортирован;1200;2170790;
обратно отсортирован;1200;30850;
обратно отсортирован;1200;2521201;
обратно отсортирован;1200;57106;
обратно отсортирован;1200;69620;
обратно отсортирован;1300;4307271;
обратно отсортирован;1300;4221750;
обратно отсортирован;1300;5198;
обратно отсортирован;1300;9293056;
обратно отсортирован;1300;29903;
обратно отсортирован;1300;224578;
обратно отсортирован;1300;4229544;
обратно отсортирован;1300;161500;
обратно отсортирован;1300;2546690;
обратно отсортирован;1300;33250;
обратно отсортирован;1300;2958801;
обратно отсортирован;1300;66506;
обратно отсортирован;1300;77060;
обратно отсортирован;1400;4989421;
обратно отсортирован;1400;4896500;
обратно отсортирован;1400;5598;
обратно отсортирован;1400;10777906;
обратно отсортирован;1400;32203;
обратно отсортирован;1400;243953;
обратно отсортирован;1400;4904894;
обратно отсортирован;1400;175500;
обратно отсортирован;1400;2952590;
обратно отсортирован;1400;35650;
обратно отсортирован;1400;3431401;
обратно отсортирован;1400;69722;
обратно отсортирован;1400;82650;
обратно отсортирован;1500;5721571;
обратно отсортирован;1500;5621250;
обратно отсортирован;1500;5998;
обратно отсортирован;1500;12372756;
обратно отсортирован;1500;34503;
обратно отсортирован;1500;265692;
обратно отсортирован;1500;5630244;
обратно отсортирован;1500;189500;
обратно отсортирован;1500;3388490;
обратно отсортирован;1500;38050;
обратно отсортирован;1500;3939001;
обратно отсортирован;1500;76354;
обратно отсортирован;1500;88823;
обратно отсортирован;1600;6504176;
обратно отсортирован;1600;6396000;
обратно отсортирован;1600;6398;
обратно отсортирован;1600;14077606;
обратно отсортирован;1600;36803;
обратно отсортирован;1600;284267;
обратно отсортирован;1600;6405594;
обратно отсортирован;1600;203500;
обратно отсортирован;1600;3854390;
обратно отсортирован;1600;40450;
обратно отсортирован;1600;4481601;
обратно отсортирован;1600;79058;
обратно отсортирован;1600;94095;
обратно отсортирован;1700;7337026;
обратно отсортирован;1700;7220750;
обратно отсортирован;1700;6798;
обратно отсортирован;1700;15892456;
обратно отсортирован;1700;39103;
обратно отсортирован;1700;305864;
обратно отсортирован;1700;7230944;
обратно отсортирован;1700;217500;
обратно отсортирован;1700;4350290;
обратно отсортирован;1700;42850;
обратно отсортирован;1700;5059201;
обратно отсортирован;1700;87994;
обратно отсортирован;1700;100345;
обратно отсортирован;1800;8219876;
обратно отсортирован;1800;8095500;
обратно отсортирован;1800;7198;
обратно отсортирован;1800;17817306;
обратно отсортирован;1800;41403;
обратно отсортирован;1800;325832;
обратно отсортирован;1800;8106294;
обратно отсортирован;1800;231500;
обратно отсортирован;1800;4876190;
обратно отсортирован;1800;45250;
обратно отсортирован;1800;5671801;
обратно отсортирован;1800;90978;
обратно отсортирован;1800;108800;
обратно отсортирован;1900;9152726;
обратно отсортирован;1900;9020250;
обратно отсортирован;1900;7598;
обратно отсортирован;1900;19852156;
обратно отсортирован;1900;43703;
обратно отсортирован;1900;348511;
обратно отсортирован;1900;9031644;
обратно отсортирован;1900;245500;
обратно отсортирован;1900;5432090;
обратно отсортирован;1900;47650;
обратно отсортирован;1900;6319401;
обратно отсортирован;1900;99250;
обратно отсортирован;1900;113495;
обратно отсортирован;2000;10135576;
обратно отсортирован;2000;9995000;
обратно отсортирован;2000;7998;
обратно отсортирован;2000;21997006;
обратно отсортирован;2000;46003;
обратно отсортирован;2000;366837;
обратно отсортирован;2000;10006994;
обратно отсортирован;2000;259500;
обратно отсортирован;2000;6017990;
обратно отсортирован;2000;50050;
обратно отсортирован;2000;7002001;
обратно отсортирован;2000;107522;
обратно отсортирован;2000;121230;
обратно отсортирован;2100;11168426;
обратно отсортирован;2100;11019750;
обратно отсортирован;2100;8398;
обратно отсортирован;2100;24251856;
обратно отсортирован;2100;48303;
обратно отсортирован;2100;388920;
обратно отсортирован;2100;11032344;
обратно отсортирован;2100;274020;
обратно отсортирован;2100;6633890;
обратно отсортирован;2100;52450;
обратно отсортирован;2100;7719601;
обратно отсортирован;2100;112626;
обратно отсортирован;2100;133400;
обратно отсортирован;2200;12251276;
обратно отсортирован;2200;12094500;
обратно отсортирован;2200;8798;
обратно отсортирован;2200;26616706;
обратно отсортирован;2200;50603;
обратно отсортирован;2200;409261;
обратно отсортирован;2200;12107694;
обратно отсортирован;2200;289020;
обратно отсортирован;2200;7279790;
обратно отсортирован;2200;54850;
обратно отсортирован;2200;8472201;
обратно отсортирован;2200;119010;
обратно отсортирован;2200;140728;
обратно отсортирован;2300;13384126;
обратно отсортирован;2300;13219250;
обратно отсортирован;2300;9198;
обратно отсортирован;2300;29091556;
обратно отсортирован;2300;52903;
обратно отсортирован;2300;432933;
обратно отсортирован;2300;13233044;
обратно отсортирован;2300;304020;
обратно отсортирован;2300;7955690;
обратно отсортирован;2300;57250;
обратно отсортирован;2300;9259801;
обратно отсортирован;2300;122650;
обратно отсортирован;2300;151635;
обратно отсортирован;2400;14566976;
обратно отсортирован;2400;14394000;
обратно отсортирован;2400;9598;
обратно отсортирован;2400;31676406;
обратно отсортирован;2400;55203;
обратно отсортирован;2400;452250;
обратно отсортирован;2400;14408394;
обратно отсортирован;2400;319020;
обратно отсортирован;2400;8661590;
обратно отсортирован;2400;59650;
обратно отсортирован;2400;10082401;
обратно отсортирован;2400;128858;
обратно отсортирован;2400;154820;
обратно отсортирован;2500;15799826;
обратно отсортирован;2500;15618750;
обратно отсортирован;2500;9998;
обратно отсортирован;2500;34371256;
обратно отсортирован;2500;57503;
обратно отсортирован;2500;474162;
обратно отсортирован;2500;15633744;
обратно отсортирован;2500;334020;
обратно отсортирован;2500;9397490;
обратно отсортирован;2500;62050;
обратно отсортирован;2500;10940001;
обратно отсортирован;2500;135010;
обратно отсортирован;2500;164445;
обратно отсортирован;2600;17082676;
обратно отсортирован;2600;16893500;
обратно отсортирован;2600;10398;
обратно отсортирован;2600;37176106;
обратно отсортирован;2600;59803;
обратно отсортирован;2600;494702;
обратно отсортирован;2600;16909094;
обратно отсортирован;2600;349020;
обратно отсортирован;2600;10163390;
обратно отсортирован;2600;64450;
обратно отсортирован;2600;11832601;
обратно отсортирован;2600;141074;
обратно отсортирован;2600;171000;
обратно отсортирован;2700;18415526;
обратно отсортирован;2700;18218250;
обратно отсортирован;2700;10798;
обратно отсортирован;2700;40090956;
обратно отсортирован;2700;62103;
обратно отсортирован;2700;518396;
обратно отсортирован;2700;18234444;
обратно отсортирован;2700;364020;
обратно отсортирован;2700;10959290;
обратно отсортирован;2700;66850;
обратно отсортирован;2700;12760201;
обратно отсортирован;2700;153634;
обратно отсортирован;2700;177145;
обратно отсортирован;2800;19798376;
обратно отсортирован;2800;19593000;
обратно отсортирован;2800;11198;
обратно отсортирован;2800;43115806;
обратно отсортирован;2800;64403;
обратно отсортирован;2800;538296;
обратно отсортирован;2800;19609794;
обратно отсортирован;2800;379020;
обратно отсортирован;2800;11785190;
обратно отсортирован;2800;69250;
обратно отсортирован;2800;13722801;
обратно отсортирован;2800;156066;
обратно отсортирован;2800;183470;
обратно отсортирован;2900;21231226;
обратно отсортирован;2900;21017750;
обратно отсортирован;2900;11598;
обратно отсортирован;2900;46250656;
обратно отсортирован;2900;66703;
обратно отсортирован;2900;560247;
обратно отсортирован;2900;21035144;
обратно отсортирован;2900;394020;
обратно отсортирован;2900;12641090;
обратно отсортирован;2900;71650;
обратно отсортирован;2900;14720401;
обратно отсортирован;2900;166866;
обратно отсортирован;2900;189490;
обратно отсортирован;3000;22714076;
обратно отсортирован;3000;22492500;
обратно отсортирован;3000;11998;
обратно отсортирован;3000;49495506;
обратно отсортирован;3000;69003;
обратно отсортирован;3000;581565;
обратно отсортирован;3000;22510494;
обратно отсортирован;3000;409020;
обратно отсортирован;3000;13526990;
обратно отсортирован;3000;74050;
обратно отсортирован;3000;15753001;
обратно отсортирован;3000;165906;
обратно отсортирован;3000;197111;
обратно отсортирован;3100;24247129;
обратно отсортирован;3100;24017250;
обратно отсортирован;3100;12398;
обратно отсортирован;3100;52850356;
обратно отсортирован;3100;71303;
обратно отсортирован;3100;605566;
обратно отсортирован;3100;24035844;
обратно отсортирован;3100;424020;
обратно отсортирован;3100;14442890;
обратно отсортирован;3100;76450;
обратно отсортирован;3100;16820601;
обратно отсортирован;3100;176594;
обратно отсортирован;3100;201465;
обратно отсортирован;3200;25830679;
обратно отсортирован;3200;25592000;
обратно отсортирован;3200;12798;
обратно отсортирован;3200;56315206;
обратно отсортирован;3200;73603;
обратно отсортирован;3200;627320;
обратно отсортирован;3200;25611194;
обратно отсортирован;3200;439020;
обратно отсортирован;3200;15388790;
обратно отсортирован;3200;78850;
обратно отсортирован;3200;17923201;
обратно отсортирован;3200;178602;
обратно отсортирован;3200;208975;
обратно отсортирован;3300;27464229;
обратно отсортирован;3300;27216750;
обратно отсортирован;3300;13198;
обратно отсортирован;3300;59890056;
обратно отсортирован;3300;75903;
обратно отсортирован;3300;648495;
обратно отсортирован;3300;27236544;
обратно отсортирован;3300;454020;
обратно отсортирован;3300;16364690;
обратно отсортирован;3300;81250;
обратно отсортирован;3300;19060801;
обратно отсортирован;3300;189458;
обратно отсортирован;3300;222834;
обратно отсортирован;3400;29147779;
обратно отсортирован;3400;28891500;
обратно отсортирован;3400;13598;
обратно отсортирован;3400;63574906;
обратно отсортирован;3400;78203;
обратно отсортирован;3400;671341;
обратно отсортирован;3400;28911894;
обратно отсортирован;3400;469020;
обратно отсортирован;3400;17370590;
обратно отсортирован;3400;83650;
обратно отсортирован;3400;20233401;
обратно отсортирован;3400;201058;
обратно отсортирован;3400;222765;
обратно отсортирован;3500;30881329;
обратно отсортирован;3500;30616250;
обратно отсортирован;3500;13998;
обратно отсортирован;3500;67369756;
обратно отсортирован;3500;80503;
обратно отсортирован;3500;695664;
обратно отсортирован;3500;30637244;
обратно отсортирован;3500;484020;
обратно отсортирован;3500;18406490;
обратно отсортирован;3500;86050;
обратно отсортирован;3500;21441001;
обратно отсортирован;3500;205698;
обратно отсортирован;3500;228915;
обратно отсортирован;3600;32664879;
обратно отсортирован;3600;32391000;
обратно отсортирован;3600;14398;
обратно отсортирован;3600;71274606;
обратно отсортирован;3600;82803;
обратно отсортирован;3600;716978;
обратно отсортирован;3600;32412594;
обратно отсортирован;3600;499020;
обратно отсортирован;3600;19472390;
обратно отсортирован;3600;88450;
обратно отсортирован;3600;22683601;
обратно отсортирован;3600;212858;
обратно отсортирован;3600;240980;
обратно отсортирован;3700;34498429;
обратно отсортирован;3700;34215750;
обратно отсортирован;3700;14798;
обратно отсортирован;3700;75289456;
обратно отсортирован;3700;85103;
обратно отсортирован;3700;738380;
обратно отсортирован;3700;34237944;
обратно отсортирован;3700;514020;
обратно отсортирован;3700;20568290;
обратно отсортирован;3700;90850;
обратно отсортирован;3700;23961201;
обратно отсортирован;3700;215738;
обратно отсортирован;3700;245287;
обратно отсортирован;3800;36381979;
обратно отсортирован;3800;36090500;
обратно отсортирован;3800;15198;
обратно отсортирован;3800;79414306;
обратно отсортирован;3800;87403;
обратно отсортирован;3800;762297;
обратно отсортирован;3800;36113294;
обратно отсортирован;3800;529020;
обратно отсортирован;3800;21694190;
обратно отсортирован;3800;93250;
обратно отсортирован;3800;25273801;
обратно отсортирован;3800;223034;
обратно отсортирован;3800;251655;
обратно отсортирован;3900;38315529;
обратно отсортирован;3900;38015250;
обратно отсортирован;3900;15598;
обратно отсортирован;3900;83649156;
обратно отсортирован;3900;89703;
обратно отсортирован;3900;785744;
обратно отсортирован;3900;38038644;
обратно отсортирован;3900;544020;
обратно отсортирован;3900;22850090;
обратно отсортирован;3900;95650;
обратно отсортирован;3900;26621401;
обратно отсортирован;3900;228570;
обратно отсортирован;3900;262360;
обратно отсортирован;4000;40299079;
обратно отсортирован;4000;39990000;
обратно отсортирован;4000;15998;
обратно отсортирован;4000;87994006;
обратно отсортирован;4000;92003;
обратно отсортирован;4000;807986;
обратно отсортирован;4000;40013994;
обратно отсортирован;4000;559020;
обратно отсортирован;4000;24035990;
обратно отсортирован;4000;98050;
обратно отсортирован;4000;28004001;
обратно отсортирован;4000;234570;
обратно отсортирован;4000;268430;
обратно отсортирован;4100;42332629;
обратно отсортирован;4100;42014750;
обратно отсортирован;4100;16398;
обратно отсортирован;4100;92448856;
обратно отсортирован;4100;94303;
обратно отсортирован;4100;829298;
обратно отсортирован;4100;42039344;
обратно отсортирован;4100;574060;
обратно отсортирован;4100;25251890;
обратно отсортирован;4100;100450;
обратно отсортирован;4100;29421601;
обратно отсортирован;4100;256050;
обратно отсортирован;4100;287010;
