type;number of algorithm;size;operations;
рандом от 0 до 5_1;0;50;3916;
рандом от 0 до 5_1;1;50;6125;
рандом от 0 до 5_1;2;50;7503;
рандом от 0 до 5_1;3;50;11153;
рандом от 0 до 5_1;4;50;977;
рандом от 0 до 5_1;5;50;4470;
рандом от 0 до 5_1;6;50;2679;
рандом от 0 до 5_1;7;50;4143;
рандом от 0 до 5_1;8;50;1237;
рандом от 0 до 5_1;9;50;1678;
рандом от 0 до 5_1;10;50;3884;
рандом от 0 до 5_1;11;50;1237;
рандом от 0 до 5_1;12;50;1258;
рандом от 0 до 5_1;0;100;15088;
рандом от 0 до 5_1;1;100;24750;
рандом от 0 до 5_1;2;100;29287;
рандом от 0 до 5_1;3;100;44173;
рандом от 0 до 5_1;4;100;1927;
рандом от 0 до 5_1;5;100;10485;
рандом от 0 до 5_1;6;100;11479;
рандом от 0 до 5_1;7;100;9400;
рандом от 0 до 5_1;8;100;3771;
рандом от 0 до 5_1;9;100;2328;
рандом от 0 до 5_1;10;100;15262;
рандом от 0 до 5_1;11;100;2740;
рандом от 0 до 5_1;12;100;3085;
рандом от 0 до 5_1;0;150;33616;
рандом от 0 до 5_1;1;150;55875;
рандом от 0 до 5_1;2;150;61138;
рандом от 0 до 5_1;3;150;102038;
рандом от 0 до 5_1;4;150;2877;
рандом от 0 до 5_1;5;150;16238;
рандом от 0 до 5_1;6;150;26554;
рандом от 0 до 5_1;7;150;15077;
рандом от 0 до 5_1;8;150;6723;
рандом от 0 до 5_1;9;150;2978;
рандом от 0 до 5_1;10;150;34160;
рандом от 0 до 5_1;11;150;4432;
рандом от 0 до 5_1;12;150;5420;
рандом от 0 до 5_1;0;200;56132;
рандом от 0 до 5_1;1;200;99500;
рандом от 0 до 5_1;2;200;117193;
рандом от 0 до 5_1;3;200;178006;
рандом от 0 до 5_1;4;200;3827;
рандом от 0 до 5_1;5;200;23096;
рандом от 0 до 5_1;6;200;45094;
рандом от 0 до 5_1;7;200;20998;
рандом от 0 до 5_1;8;200;10105;
рандом от 0 до 5_1;9;200;3628;
рандом от 0 до 5_1;10;200;60542;
рандом от 0 до 5_1;11;200;6144;
рандом от 0 до 5_1;12;200;7146;
рандом от 0 до 5_1;0;250;83554;
рандом от 0 до 5_1;1;250;155625;
рандом от 0 до 5_1;2;250;186662;
рандом от 0 до 5_1;3;250;277489;
рандом от 0 до 5_1;4;250;4777;
рандом от 0 до 5_1;5;250;29634;
рандом от 0 до 5_1;6;250;67299;
рандом от 0 до 5_1;7;250;27009;
рандом от 0 до 5_1;8;250;15481;
рандом от 0 до 5_1;9;250;4278;
рандом от 0 до 5_1;10;250;94432;
рандом от 0 до 5_1;11;250;8132;
рандом от 0 до 5_1;12;250;8727;
рандом от 0 до 5_1;0;300;118735;
рандом от 0 до 5_1;1;300;224250;
рандом от 0 до 5_1;2;300;268958;
рандом от 0 до 5_1;3;300;392235;
рандом от 0 до 5_1;4;300;5727;
рандом от 0 до 5_1;5;300;37797;
рандом от 0 до 5_1;6;300;95669;
рандом от 0 до 5_1;7;300;33520;
рандом от 0 до 5_1;8;300;20195;
рандом от 0 до 5_1;9;300;4928;
рандом от 0 до 5_1;10;300;135807;
рандом от 0 до 5_1;11;300;10032;
рандом от 0 до 5_1;12;300;12215;
рандом от 0 до 4000_1;0;50;3916;
рандом от 0 до 4000_1;1;50;6125;
рандом от 0 до 4000_1;2;50;7503;
рандом от 0 до 4000_1;3;50;11153;
рандом от 0 до 4000_1;4;50;977;
рандом от 0 до 4000_1;5;50;4470;
рандом от 0 до 4000_1;6;50;2679;
рандом от 0 до 4000_1;7;50;4143;
рандом от 0 до 4000_1;8;50;1237;
рандом от 0 до 4000_1;9;50;1678;
рандом от 0 до 4000_1;10;50;3884;
рандом от 0 до 4000_1;11;50;1237;
рандом от 0 до 4000_1;12;50;1258;
рандом от 0 до 4000_1;0;100;15088;
рандом от 0 до 4000_1;1;100;24750;
рандом от 0 до 4000_1;2;100;29287;
рандом от 0 до 4000_1;3;100;44173;
рандом от 0 до 4000_1;4;100;1927;
рандом от 0 до 4000_1;5;100;10485;
рандом от 0 до 4000_1;6;100;11479;
рандом от 0 до 4000_1;7;100;9400;
рандом от 0 до 4000_1;8;100;3771;
рандом от 0 до 4000_1;9;100;2328;
рандом от 0 до 4000_1;10;100;15262;
рандом от 0 до 4000_1;11;100;2740;
рандом от 0 до 4000_1;12;100;3085;
рандом от 0 до 4000_1;0;150;33616;
рандом от 0 до 4000_1;1;150;55875;
рандом от 0 до 4000_1;2;150;61138;
рандом от 0 до 4000_1;3;150;102038;
рандом от 0 до 4000_1;4;150;2877;
рандом от 0 до 4000_1;5;150;16238;
рандом от 0 до 4000_1;6;150;26554;
рандом от 0 до 4000_1;7;150;15077;
рандом от 0 до 4000_1;8;150;6723;
рандом от 0 до 4000_1;9;150;2978;
рандом от 0 до 4000_1;10;150;34160;
рандом от 0 до 4000_1;11;150;4432;
рандом от 0 до 4000_1;12;150;5420;
рандом от 0 до 4000_1;0;200;56132;
рандом от 0 до 4000_1;1;200;99500;
рандом от 0 до 4000_1;2;200;117193;
рандом от 0 до 4000_1;3;200;178006;
рандом от 0 до 4000_1;4;200;3827;
рандом от 0 до 4000_1;5;200;23096;
рандом от 0 до 4000_1;6;200;45094;
рандом от 0 до 4000_1;7;200;20998;
рандом от 0 до 4000_1;8;200;10105;
рандом от 0 до 4000_1;9;200;3628;
рандом от 0 до 4000_1;10;200;60542;
рандом от 0 до 4000_1;11;200;6144;
рандом от 0 до 4000_1;12;200;7146;
рандом от 0 до 4000_1;0;250;83554;
рандом от 0 до 4000_1;1;250;155625;
рандом от 0 до 4000_1;2;250;186662;
рандом от 0 до 4000_1;3;250;277489;
рандом от 0 до 4000_1;4;250;4777;
рандом от 0 до 4000_1;5;250;29634;
рандом от 0 до 4000_1;6;250;67299;
рандом от 0 до 4000_1;7;250;27009;
рандом от 0 до 4000_1;8;250;15481;
рандом от 0 до 4000_1;9;250;4278;
рандом от 0 до 4000_1;10;250;94432;
рандом от 0 до 4000_1;11;250;8132;
рандом от 0 до 4000_1;12;250;8727;
рандом от 0 до 4000_1;0;300;118735;
рандом от 0 до 4000_1;1;300;224250;
рандом от 0 до 4000_1;2;300;268958;
рандом от 0 до 4000_1;3;300;392235;
рандом от 0 до 4000_1;4;300;5727;
рандом от 0 до 4000_1;5;300;37797;
рандом от 0 до 4000_1;6;300;95669;
рандом от 0 до 4000_1;7;300;33520;
рандом от 0 до 4000_1;8;300;20195;
рандом от 0 до 4000_1;9;300;4928;
рандом от 0 до 4000_1;10;300;135807;
рандом от 0 до 4000_1;11;300;10032;
рандом от 0 до 4000_1;12;300;12215;
почти отсортирован_1;0;50;1855;
почти отсортирован_1;1;50;6125;
почти отсортирован_1;2;50;11125;
почти отсортирован_1;3;50;402;
почти отсортирован_1;4;50;1153;
почти отсортирован_1;5;50;5554;
почти отсортирован_1;6;50;294;
почти отсортирован_1;7;50;4279;
почти отсортирован_1;8;50;5440;
почти отсортирован_1;9;50;1774;
почти отсортирован_1;10;50;3776;
почти отсортирован_1;11;50;829;
почти отсортирован_1;12;50;1015;
почти отсортирован_1;0;100;4407;
почти отсортирован_1;1;100;24750;
почти отсортирован_1;2;100;44750;
почти отсортирован_1;3;100;802;
почти отсортирован_1;4;100;2303;
почти отсортирован_1;5;100;12942;
почти отсортирован_1;6;100;594;
почти отсортирован_1;7;100;9728;
почти отсортирован_1;8;100;20890;
почти отсортирован_1;9;100;2524;
почти отсортирован_1;10;100;15051;
почти отсортирован_1;11;100;2044;
почти отсортирован_1;12;100;2515;
почти отсортирован_1;0;150;7211;
почти отсортирован_1;1;150;55875;
почти отсортирован_1;2;150;100875;
почти отсортирован_1;3;150;1202;
почти отсортирован_1;4;150;3453;
почти отсортирован_1;5;150;21142;
почти отсортирован_1;6;150;894;
почти отсортирован_1;7;150;15593;
почти отсортирован_1;8;150;46340;
почти отсортирован_1;9;150;3274;
почти отсортирован_1;10;150;33826;
почти отсортирован_1;11;150;3384;
почти отсортирован_1;12;150;4520;
почти отсортирован_1;0;200;10211;
почти отсортирован_1;1;200;99500;
почти отсортирован_1;2;200;179500;
почти отсортирован_1;3;200;1602;
почти отсортирован_1;4;200;4603;
почти отсортирован_1;5;200;29708;
почти отсортирован_1;6;200;1194;
почти отсортирован_1;7;200;21776;
почти отсортирован_1;8;200;81790;
почти отсортирован_1;9;200;4024;
почти отсортирован_1;10;200;60101;
почти отсортирован_1;11;200;4884;
почти отсортирован_1;12;200;6015;
почти отсортирован_1;0;250;13371;
почти отсортирован_1;1;250;155625;
почти отсортирован_1;2;250;280463;
почти отсортирован_1;3;250;4086;
почти отсортирован_1;4;250;10841;
почти отсортирован_1;5;250;38305;
почти отсортирован_1;6;250;1654;
почти отсортирован_1;7;250;27889;
почти отсортирован_1;8;250;126235;
почти отсортирован_1;9;250;8484;
почти отсортирован_1;10;250;93940;
почти отсортирован_1;11;250;6512;
почти отсортирован_1;12;250;7626;
почти отсортирован_1;0;300;16929;
почти отсортирован_1;1;300;224250;
почти отсортирован_1;2;300;403838;
почти отсортирован_1;3;300;5036;
почти отсортирован_1;4;300;11791;
почти отсортирован_1;5;300;47727;
почти отсортирован_1;6;300;2204;
почти отсортирован_1;7;300;34566;
почти отсортирован_1;8;300;181485;
почти отсортирован_1;9;300;9684;
почти отсортирован_1;10;300;135315;
почти отсортирован_1;11;300;8212;
почти отсортирован_1;12;300;10766;
обратно отсортирован_1;0;50;7798;
обратно отсортирован_1;1;50;6125;
обратно отсортирован_1;2;50;198;
обратно отсортирован_1;3;50;13681;
обратно отсортирован_1;4;50;1153;
обратно отсортирован_1;5;50;4376;
обратно отсортирован_1;6;50;6419;
обратно отсортирован_1;7;50;3840;
обратно отсортирован_1;8;50;4190;
обратно отсортирован_1;9;50;3250;
обратно отсортирован_1;10;50;4426;
обратно отсортирован_1;11;50;1289;
обратно отсортирован_1;12;50;1330;
обратно отсортирован_1;0;100;28758;
обратно отсортирован_1;1;100;24750;
обратно отсортирован_1;2;100;398;
обратно отсортирован_1;3;100;54856;
обратно отсортирован_1;4;100;2303;
обратно отсортирован_1;5;100;10600;
обратно отсортирован_1;6;100;25344;
обратно отсортирован_1;7;100;8700;
обратно отсортирован_1;8;100;15890;
обратно отсортирован_1;9;100;4450;
обратно отсортирован_1;10;100;17601;
обратно отсортирован_1;11;100;3060;
обратно отсортирован_1;12;100;3295;
обратно отсортирован_1;0;150;62533;
обратно отсортирован_1;1;150;55875;
обратно отсортирован_1;2;150;598;
обратно отсортирован_1;3;150;123531;
обратно отсортирован_1;4;150;3453;
обратно отсортирован_1;5;150;17297;
обратно отсортирован_1;6;150;56769;
обратно отсортирован_1;7;150;13920;
обратно отсортирован_1;8;150;35090;
обратно отсортирован_1;9;150;5650;
обратно отсортирован_1;10;150;39526;
обратно отсортирован_1;11;150;5004;
обратно отсортирован_1;12;150;5795;
обратно отсортирован_1;0;200;108871;
обратно отсортирован_1;1;200;99500;
обратно отсортирован_1;2;200;798;
обратно отсортирован_1;3;200;219706;
обратно отсортирован_1;4;200;4603;
обратно отсортирован_1;5;200;24415;
обратно отсортирован_1;6;200;100694;
обратно отсортирован_1;7;200;19420;
обратно отсортирован_1;8;200;61790;
обратно отсортирован_1;9;200;6850;
обратно отсортирован_1;10;200;70201;
обратно отсортирован_1;11;200;6884;
обратно отсортирован_1;12;200;7875;
обратно отсортирован_1;0;250;167996;
обратно отсортирован_1;1;250;155625;
обратно отсортирован_1;2;250;998;
обратно отсортирован_1;3;250;343381;
обратно отсортирован_1;4;250;5753;
обратно отсортирован_1;5;250;32054;
обратно отсортирован_1;6;250;157119;
обратно отсортирован_1;7;250;24920;
обратно отсортирован_1;8;250;95990;
обратно отсортирован_1;9;250;8050;
обратно отсортирован_1;10;250;109626;
обратно отсортирован_1;11;250;9332;
обратно отсортирован_1;12;250;10305;
обратно отсортирован_1;0;300;239621;
обратно отсортирован_1;1;300;224250;
обратно отсортирован_1;2;300;1198;
обратно отсортирован_1;3;300;494556;
обратно отсортирован_1;4;300;6903;
обратно отсортирован_1;5;300;40033;
обратно отсортирован_1;6;300;226044;
обратно отсортирован_1;7;300;30860;
обратно отсортирован_1;8;300;137690;
обратно отсортирован_1;9;300;9250;
обратно отсортирован_1;10;300;157801;
обратно отсортирован_1;11;300;11188;
обратно отсортирован_1;12;300;13520;
рандом от 0 до 5_2;0;100;15088;
рандом от 0 до 5_2;1;100;24750;
рандом от 0 до 5_2;2;100;29287;
рандом от 0 до 5_2;3;100;44173;
рандом от 0 до 5_2;4;100;1927;
рандом от 0 до 5_2;5;100;10485;
рандом от 0 до 5_2;6;100;11479;
рандом от 0 до 5_2;7;100;9400;
рандом от 0 до 5_2;8;100;3771;
рандом от 0 до 5_2;9;100;2328;
рандом от 0 до 5_2;10;100;15262;
рандом от 0 до 5_2;11;100;2740;
рандом от 0 до 5_2;12;100;3085;
рандом от 0 до 5_2;0;200;56132;
рандом от 0 до 5_2;1;200;99500;
рандом от 0 до 5_2;2;200;117193;
рандом от 0 до 5_2;3;200;178006;
рандом от 0 до 5_2;4;200;3827;
рандом от 0 до 5_2;5;200;23096;
рандом от 0 до 5_2;6;200;45094;
рандом от 0 до 5_2;7;200;20998;
рандом от 0 до 5_2;8;200;10105;
рандом от 0 до 5_2;9;200;3628;
рандом от 0 до 5_2;10;200;60542;
рандом от 0 до 5_2;11;200;6144;
рандом от 0 до 5_2;12;200;7146;
рандом от 0 до 5_2;0;300;118735;
рандом от 0 до 5_2;1;300;224250;
рандом от 0 до 5_2;2;300;268958;
рандом от 0 до 5_2;3;300;392235;
рандом от 0 до 5_2;4;300;5727;
рандом от 0 до 5_2;5;300;37797;
рандом от 0 до 5_2;6;300;95669;
рандом от 0 до 5_2;7;300;33520;
рандом от 0 до 5_2;8;300;20195;
рандом от 0 до 5_2;9;300;4928;
рандом от 0 до 5_2;10;300;135807;
рандом от 0 до 5_2;11;300;10032;
рандом от 0 до 5_2;12;300;12215;
рандом от 0 до 5_2;0;400;203521;
рандом от 0 до 5_2;1;400;399000;
рандом от 0 до 5_2;2;400;481218;
рандом от 0 до 5_2;3;400;712295;
рандом от 0 до 5_2;4;400;7627;
рандом от 0 до 5_2;5;400;51941;
рандом от 0 до 5_2;6;400;165549;
рандом от 0 до 5_2;7;400;46509;
рандом от 0 до 5_2;8;400;33363;
рандом от 0 до 5_2;9;400;6228;
рандом от 0 до 5_2;10;400;241103;
рандом от 0 до 5_2;11;400;14047;
рандом от 0 до 5_2;12;400;16724;
рандом от 0 до 5_2;0;500;309274;
рандом от 0 до 5_2;1;500;623750;
рандом от 0 до 5_2;2;500;759205;
рандом от 0 до 5_2;3;500;1110279;
рандом от 0 до 5_2;4;500;9527;
рандом от 0 до 5_2;5;500;68051;
рандом от 0 до 5_2;6;500;251429;
рандом от 0 до 5_2;7;500;59610;
рандом от 0 до 5_2;8;500;51085;
рандом от 0 до 5_2;9;500;7528;
рандом от 0 до 5_2;10;500;376391;
рандом от 0 до 5_2;11;500;18107;
рандом от 0 до 5_2;12;500;20188;
рандом от 0 до 5_2;0;600;443315;
рандом от 0 до 5_2;1;600;898500;
рандом от 0 до 5_2;2;600;1088093;
рандом от 0 до 5_2;3;600;1615000;
рандом от 0 до 5_2;4;600;11427;
рандом от 0 до 5_2;5;600;85113;
рандом от 0 до 5_2;6;600;364684;
рандом от 0 до 5_2;7;600;73597;
рандом от 0 до 5_2;8;600;69865;
рандом от 0 до 5_2;9;600;8828;
рандом от 0 до 5_2;10;600;541611;
рандом от 0 до 5_2;11;600;22603;
рандом от 0 до 5_2;12;600;28010;
рандом от 0 до 5_2;0;700;599443;
рандом от 0 до 5_2;1;700;1223250;
рандом от 0 до 5_2;2;700;1479232;
рандом от 0 до 5_2;3;700;2159377;
рандом от 0 до 5_2;4;700;13327;
рандом от 0 до 5_2;5;700;101546;
рандом от 0 до 5_2;6;700;497619;
рандом от 0 до 5_2;7;700;87777;
рандом от 0 до 5_2;8;700;93571;
рандом от 0 до 5_2;9;700;10128;
рандом от 0 до 5_2;10;700;736917;
рандом от 0 до 5_2;11;700;26519;
рандом от 0 до 5_2;12;700;31615;
рандом от 0 до 5_2;0;800;791538;
рандом от 0 до 5_2;1;800;1598000;
рандом от 0 до 5_2;2;800;1924152;
рандом от 0 до 5_2;3;800;2871462;
рандом от 0 до 5_2;4;800;15227;
рандом от 0 до 5_2;5;800;118497;
рандом от 0 до 5_2;6;800;657574;
рандом от 0 до 5_2;7;800;101787;
рандом от 0 до 5_2;8;800;123003;
рандом от 0 до 5_2;9;800;11428;
рандом от 0 до 5_2;10;800;962206;
рандом от 0 до 5_2;11;800;30950;
рандом от 0 до 5_2;12;800;38393;
рандом от 0 до 5_2;0;900;1002149;
рандом от 0 до 5_2;1;900;2022750;
рандом от 0 до 5_2;2;900;2452477;
рандом от 0 до 5_2;3;900;3616402;
рандом от 0 до 5_2;4;900;17127;
рандом от 0 до 5_2;5;900;135068;
рандом от 0 до 5_2;6;900;820954;
рандом от 0 до 5_2;7;900;116065;
рандом от 0 до 5_2;8;900;150439;
рандом от 0 до 5_2;9;900;12728;
рандом от 0 до 5_2;10;900;1217484;
рандом от 0 до 5_2;11;900;35898;
рандом от 0 до 5_2;12;900;42854;
рандом от 0 до 5_2;0;1000;1256415;
рандом от 0 до 5_2;1;1000;2497500;
рандом от 0 до 5_2;2;1000;3013150;
рандом от 0 до 5_2;3;1000;4492260;
рандом от 0 до 5_2;4;1000;19027;
рандом от 0 до 5_2;5;1000;151403;
рандом от 0 до 5_2;6;1000;1025824;
рандом от 0 до 5_2;7;1000;130185;
рандом от 0 до 5_2;8;1000;185405;
рандом от 0 до 5_2;9;1000;14028;
рандом от 0 до 5_2;10;1000;1502762;
рандом от 0 до 5_2;11;1000;40902;
рандом от 0 до 5_2;12;1000;45982;
рандом от 0 до 5_2;0;1100;1522444;
рандом от 0 до 5_2;1;1100;3022250;
рандом от 0 до 5_2;2;1100;3650103;
рандом от 0 до 5_2;3;1100;5448151;
рандом от 0 до 5_2;4;1100;20927;
рандом от 0 до 5_2;5;1100;169471;
рандом от 0 до 5_2;6;1100;1236169;
рандом от 0 до 5_2;7;1100;145168;
рандом от 0 до 5_2;8;1100;223269;
рандом от 0 до 5_2;9;1100;15328;
рандом от 0 до 5_2;10;1100;1818067;
рандом от 0 до 5_2;11;1100;45410;
рандом от 0 до 5_2;12;1100;55835;
рандом от 0 до 5_2;0;1200;1843392;
рандом от 0 до 5_2;1;1200;3597000;
рандом от 0 до 5_2;2;1200;4323458;
рандом от 0 до 5_2;3;1200;6464161;
рандом от 0 до 5_2;4;1200;22827;
рандом от 0 до 5_2;5;1200;188585;
рандом от 0 до 5_2;6;1200;1497139;
рандом от 0 до 5_2;7;1200;160508;
рандом от 0 до 5_2;8;1200;263497;
рандом от 0 до 5_2;9;1200;16628;
рандом от 0 до 5_2;10;1200;2163334;
рандом от 0 до 5_2;11;1200;50522;
рандом от 0 до 5_2;12;1200;62522;
рандом от 0 до 5_2;0;1300;2165859;
рандом от 0 до 5_2;1;1300;4221750;
рандом от 0 до 5_2;2;1300;5076103;
рандом от 0 до 5_2;3;1300;7620989;
рандом от 0 до 5_2;4;1300;24727;
рандом от 0 до 5_2;5;1300;206852;
рандом от 0 до 5_2;6;1300;1754079;
рандом от 0 до 5_2;7;1300;175710;
рандом от 0 до 5_2;8;1300;309177;
рандом от 0 до 5_2;9;1300;17928;
рандом от 0 до 5_2;10;1300;2538620;
рандом от 0 до 5_2;11;1300;55190;
рандом от 0 до 5_2;12;1300;67184;
рандом от 0 до 5_2;0;1400;2508029;
рандом от 0 до 5_2;1;1400;4896500;
рандом от 0 до 5_2;2;1400;5884878;
рандом от 0 до 5_2;3;1400;8842144;
рандом от 0 до 5_2;4;1400;26627;
рандом от 0 до 5_2;5;1400;224538;
рандом от 0 до 5_2;6;1400;2025184;
рандом от 0 до 5_2;7;1400;190995;
рандом от 0 до 5_2;8;1400;356651;
рандом от 0 до 5_2;9;1400;19228;
рандом от 0 до 5_2;10;1400;2943909;
рандом от 0 до 5_2;11;1400;60038;
рандом от 0 до 5_2;12;1400;71790;
рандом от 0 до 5_2;0;1500;2880961;
рандом от 0 до 5_2;1;1500;5621250;
рандом от 0 до 5_2;2;1500;6764123;
рандом от 0 до 5_2;3;1500;10097906;
рандом от 0 до 5_2;4;1500;28527;
рандом от 0 до 5_2;5;1500;242826;
рандом от 0 до 5_2;6;1500;2321234;
рандом от 0 до 5_2;7;1500;206218;
рандом от 0 до 5_2;8;1500;403023;
рандом от 0 до 5_2;9;1500;20528;
рандом от 0 до 5_2;10;1500;3379183;
рандом от 0 до 5_2;11;1500;64702;
рандом от 0 до 5_2;12;1500;76100;
рандом от 0 до 5_2;0;1600;3286484;
рандом от 0 до 5_2;1;1600;6396000;
рандом от 0 до 5_2;2;1600;7689618;
рандом от 0 до 5_2;3;1600;11534671;
рандом от 0 до 5_2;4;1600;30427;
рандом от 0 до 5_2;5;1600;261060;
рандом от 0 до 5_2;6;1600;2649349;
рандом от 0 до 5_2;7;1600;221423;
рандом от 0 до 5_2;8;1600;455223;
рандом от 0 до 5_2;9;1600;21828;
рандом от 0 до 5_2;10;1600;3844437;
рандом от 0 до 5_2;11;1600;69226;
рандом от 0 до 5_2;12;1600;87678;
рандом от 0 до 5_2;0;1700;3721671;
рандом от 0 до 5_2;1;1700;7220750;
рандом от 0 до 5_2;2;1700;8671235;
рандом от 0 до 5_2;3;1700;13037502;
рандом от 0 до 5_2;4;1700;32327;
рандом от 0 до 5_2;5;1700;279177;
рандом от 0 до 5_2;6;1700;2995354;
рандом от 0 до 5_2;7;1700;236677;
рандом от 0 до 5_2;8;1700;522927;
рандом от 0 до 5_2;9;1700;23128;
рандом от 0 до 5_2;10;1700;4339675;
рандом от 0 до 5_2;11;1700;73958;
рандом от 0 до 5_2;12;1700;87958;
рандом от 0 до 5_2;0;1800;4173098;
рандом от 0 до 5_2;1;1800;8095500;
рандом от 0 до 5_2;2;1800;9727338;
рандом от 0 до 5_2;3;1800;14552728;
рандом от 0 до 5_2;4;1800;34227;
рандом от 0 до 5_2;5;1800;297333;
рандом от 0 до 5_2;6;1800;3353904;
рандом от 0 до 5_2;7;1800;252066;
рандом от 0 до 5_2;8;1800;570897;
рандом от 0 до 5_2;9;1800;24428;
рандом от 0 до 5_2;10;1800;4864933;
рандом от 0 до 5_2;11;1800;78850;
рандом от 0 до 5_2;12;1800;93941;
рандом от 0 до 5_2;0;1900;4649037;
рандом от 0 до 5_2;1;1900;9020250;
рандом от 0 до 5_2;2;1900;10837362;
рандом от 0 до 5_2;3;1900;16263294;
рандом от 0 до 5_2;4;1900;36127;
рандом от 0 до 5_2;5;1900;315426;
рандом от 0 до 5_2;6;1900;3733074;
рандом от 0 до 5_2;7;1900;267254;
рандом от 0 до 5_2;8;1900;634995;
рандом от 0 до 5_2;9;1900;25728;
рандом от 0 до 5_2;10;1900;5420188;
рандом от 0 до 5_2;11;1900;83886;
рандом от 0 до 5_2;12;1900;96842;
рандом от 0 до 5_2;0;2000;5191879;
рандом от 0 до 5_2;1;2000;9995000;
рандом от 0 до 5_2;2;2000;11968863;
рандом от 0 до 5_2;3;2000;18084950;
рандом от 0 до 5_2;4;2000;38027;
рандом от 0 до 5_2;5;2000;335274;
рандом от 0 до 5_2;6;2000;4178254;
рандом от 0 до 5_2;7;2000;282544;
рандом от 0 до 5_2;8;2000;702549;
рандом от 0 до 5_2;9;2000;27028;
рандом от 0 до 5_2;10;2000;6005504;
рандом от 0 до 5_2;11;2000;89054;
рандом от 0 до 5_2;12;2000;104058;
рандом от 0 до 5_2;0;2100;5724579;
рандом от 0 до 5_2;1;2100;11019750;
рандом от 0 до 5_2;2;2100;13205818;
рандом от 0 до 5_2;3;2100;19926917;
рандом от 0 до 5_2;4;2100;39927;
рандом от 0 до 5_2;5;2100;352806;
рандом от 0 до 5_2;6;2100;4599799;
рандом от 0 до 5_2;7;2100;298296;
рандом от 0 до 5_2;8;2100;773987;
рандом от 0 до 5_2;9;2100;28328;
рандом от 0 до 5_2;10;2100;6620786;
рандом от 0 до 5_2;11;2100;94118;
рандом от 0 до 5_2;12;2100;118040;
рандом от 0 до 5_2;0;2200;6293045;
рандом от 0 до 5_2;1;2200;12094500;
рандом от 0 до 5_2;2;2200;14473003;
рандом от 0 до 5_2;3;2200;21901021;
рандом от 0 до 5_2;4;2200;41827;
рандом от 0 до 5_2;5;2200;371194;
рандом от 0 до 5_2;6;2200;5055579;
рандом от 0 до 5_2;7;2200;314740;
рандом от 0 до 5_2;8;2200;850297;
рандом от 0 до 5_2;9;2200;29628;
рандом от 0 до 5_2;10;2200;7266079;
рандом от 0 до 5_2;11;2200;98754;
рандом от 0 до 5_2;12;2200;124408;
рандом от 0 до 5_2;0;2300;6869307;
рандом от 0 до 5_2;1;2300;13219250;
рандом от 0 до 5_2;2;2300;15847867;
рандом от 0 до 5_2;3;2300;23931678;
рандом от 0 до 5_2;4;2300;43727;
рандом от 0 до 5_2;5;2300;392159;
рандом от 0 до 5_2;6;2300;5506874;
рандом от 0 до 5_2;7;2300;331143;
рандом от 0 до 5_2;8;2300;933771;
рандом от 0 до 5_2;9;2300;30928;
рандом от 0 до 5_2;10;2300;7941332;
рандом от 0 до 5_2;11;2300;103298;
рандом от 0 до 5_2;12;2300;128100;
рандом от 0 до 5_2;0;2400;7508319;
рандом от 0 до 5_2;1;2400;14394000;
рандом от 0 до 5_2;2;2400;17210808;
рандом от 0 до 5_2;3;2400;26033723;
рандом от 0 до 5_2;4;2400;45627;
рандом от 0 до 5_2;5;2400;409549;
рандом от 0 до 5_2;6;2400;6029789;
рандом от 0 до 5_2;7;2400;347660;
рандом от 0 до 5_2;8;2400;1008375;
рандом от 0 до 5_2;9;2400;32228;
рандом от 0 до 5_2;10;2400;8646690;
рандом от 0 до 5_2;11;2400;107962;
рандом от 0 до 5_2;12;2400;139478;
рандом от 0 до 5_2;0;2500;8145037;
рандом от 0 до 5_2;1;2500;15618750;
рандом от 0 до 5_2;2;2500;18666210;
рандом от 0 до 5_2;3;2500;28264573;
рандом от 0 до 5_2;4;2500;47527;
рандом от 0 до 5_2;5;2500;431619;
рандом от 0 до 5_2;6;2500;6528979;
рандом от 0 до 5_2;7;2500;363816;
рандом от 0 до 5_2;8;2500;1086659;
рандом от 0 до 5_2;9;2500;33528;
рандом от 0 до 5_2;10;2500;9381928;
рандом от 0 до 5_2;11;2500;113034;
рандом от 0 до 5_2;12;2500;142389;
рандом от 0 до 5_2;0;2600;8765869;
рандом от 0 до 5_2;1;2600;16893500;
рандом от 0 до 5_2;2;2600;20256330;
рандом от 0 до 5_2;3;2600;30484249;
рандом от 0 до 5_2;4;2600;49427;
рандом от 0 до 5_2;5;2600;452446;
рандом от 0 до 5_2;6;2600;7014139;
рандом от 0 до 5_2;7;2600;380306;
рандом от 0 до 5_2;8;2600;1180643;
рандом от 0 до 5_2;9;2600;34828;
рандом от 0 до 5_2;10;2600;10147198;
рандом от 0 до 5_2;11;2600;118270;
рандом от 0 до 5_2;12;2600;147159;
рандом от 0 до 5_2;0;2700;9499302;
рандом от 0 до 5_2;1;2700;18218250;
рандом от 0 до 5_2;2;2700;21780597;
рандом от 0 до 5_2;3;2700;32957294;
рандом от 0 до 5_2;4;2700;51327;
рандом от 0 до 5_2;5;2700;470797;
рандом от 0 до 5_2;6;2700;7618134;
рандом от 0 до 5_2;7;2700;396516;
рандом от 0 до 5_2;8;2700;1269557;
рандом от 0 до 5_2;9;2700;36128;
рандом от 0 до 5_2;10;2700;10942498;
рандом от 0 до 5_2;11;2700;123338;
рандом от 0 до 5_2;12;2700;153259;
рандом от 0 до 5_2;0;2800;10228016;
рандом от 0 до 5_2;1;2800;19593000;
рандом от 0 до 5_2;2;2800;23424500;
рандом от 0 до 5_2;3;2800;35460099;
рандом от 0 до 5_2;4;2800;53227;
рандом от 0 до 5_2;5;2800;490939;
рандом от 0 до 5_2;6;2800;8206289;
рандом от 0 до 5_2;7;2800;413016;
рандом от 0 до 5_2;8;2800;1370875;
рандом от 0 до 5_2;9;2800;37428;
рандом от 0 до 5_2;10;2800;11767763;
рандом от 0 до 5_2;11;2800;128738;
рандом от 0 до 5_2;12;2800;160298;
рандом от 0 до 5_2;0;2900;10964224;
рандом от 0 до 5_2;1;2900;21017750;
рандом от 0 до 5_2;2;2900;25122778;
рандом от 0 до 5_2;3;2900;37991312;
рандом от 0 до 5_2;4;2900;55127;
рандом от 0 до 5_2;5;2900;511973;
рандом от 0 до 5_2;6;2900;8788124;
рандом от 0 до 5_2;7;2900;429332;
рандом от 0 до 5_2;8;2900;1454227;
рандом от 0 до 5_2;9;2900;38728;
рандом от 0 до 5_2;10;2900;12623040;
рандом от 0 до 5_2;11;2900;133766;
рандом от 0 до 5_2;12;2900;162682;
рандом от 0 до 5_2;0;3000;11761194;
рандом от 0 до 5_2;1;3000;22492500;
рандом от 0 до 5_2;2;3000;26864393;
рандом от 0 до 5_2;3;3000;40673579;
рандом от 0 до 5_2;4;3000;57027;
рандом от 0 до 5_2;5;3000;527842;
рандом от 0 до 5_2;6;3000;9441569;
рандом от 0 до 5_2;7;3000;445924;
рандом от 0 до 5_2;8;3000;1561157;
рандом от 0 до 5_2;9;3000;40028;
рандом от 0 до 5_2;10;3000;13508329;
рандом от 0 до 5_2;11;3000;138654;
рандом от 0 до 5_2;12;3000;168818;
рандом от 0 до 5_2;0;3100;12591930;
рандом от 0 до 5_2;1;3100;24017250;
рандом от 0 до 5_2;2;3100;28617447;
рандом от 0 до 5_2;3;3100;43365492;
рандом от 0 до 5_2;4;3100;58927;
рандом от 0 до 5_2;5;3100;549966;
рандом от 0 до 5_2;6;3100;10152704;
рандом от 0 до 5_2;7;3100;461901;
рандом от 0 до 5_2;8;3100;1652475;
рандом от 0 до 5_2;9;3100;41328;
рандом от 0 до 5_2;10;3100;14423687;
рандом от 0 до 5_2;11;3100;143838;
рандом от 0 до 5_2;12;3100;175185;
рандом от 0 до 5_2;0;3200;13314483;
рандом от 0 до 5_2;1;3200;25592000;
рандом от 0 до 5_2;2;3200;30539943;
рандом от 0 до 5_2;3;3200;46257999;
рандом от 0 до 5_2;4;3200;60827;
рандом от 0 до 5_2;5;3200;568497;
рандом от 0 до 5_2;6;3200;10757309;
рандом от 0 до 5_2;7;3200;478370;
рандом от 0 до 5_2;8;3200;1763261;
рандом от 0 до 5_2;9;3200;42628;
рандом от 0 до 5_2;10;3200;15368929;
рандом от 0 до 5_2;11;3200;149082;
рандом от 0 до 5_2;12;3200;192715;
рандом от 0 до 5_2;0;3300;14147351;
рандом от 0 до 5_2;1;3300;27216750;
рандом от 0 до 5_2;2;3300;32508578;
рандом от 0 до 5_2;3;3300;49200401;
рандом от 0 до 5_2;4;3300;62727;
рандом от 0 до 5_2;5;3300;588715;
рандом от 0 до 5_2;6;3300;11415179;
рандом от 0 до 5_2;7;3300;494859;
рандом от 0 до 5_2;8;3300;1879371;
рандом от 0 до 5_2;9;3300;43928;
рандом от 0 до 5_2;10;3300;16344161;
рандом от 0 до 5_2;11;3300;154166;
рандом от 0 до 5_2;12;3300;185457;
рандом от 0 до 5_2;0;3400;14974144;
рандом от 0 до 5_2;1;3400;28891500;
рандом от 0 до 5_2;2;3400;34573522;
рандом от 0 до 5_2;3;3400;51948856;
рандом от 0 до 5_2;4;3400;64627;
рандом от 0 до 5_2;5;3400;607385;
рандом от 0 до 5_2;6;3400;12053744;
рандом от 0 до 5_2;7;3400;511198;
рандом от 0 до 5_2;8;3400;1987045;
рандом от 0 до 5_2;9;3400;45228;
рандом от 0 до 5_2;10;3400;17349432;
рандом от 0 до 5_2;11;3400;159426;
рандом от 0 до 5_2;12;3400;194634;
рандом от 0 до 5_2;0;3500;15914799;
рандом от 0 до 5_2;1;3500;30616250;
рандом от 0 до 5_2;2;3500;36578622;
рандом от 0 до 5_2;3;3500;55342032;
рандом от 0 до 5_2;4;3500;66527;
рандом от 0 до 5_2;5;3500;627356;
рандом от 0 до 5_2;6;3500;12810304;
рандом от 0 до 5_2;7;3500;527599;
рандом от 0 до 5_2;8;3500;2104343;
рандом от 0 до 5_2;9;3500;46528;
рандом от 0 до 5_2;10;3500;18384731;
рандом от 0 до 5_2;11;3500;164910;
рандом от 0 до 5_2;12;3500;195135;
рандом от 0 до 5_2;0;3600;16822064;
рандом от 0 до 5_2;1;3600;32391000;
рандом от 0 до 5_2;2;3600;38741997;
рандом от 0 до 5_2;3;3600;58517917;
рандом от 0 до 5_2;4;3600;68427;
рандом от 0 до 5_2;5;3600;647575;
рандом от 0 до 5_2;6;3600;13536139;
рандом от 0 до 5_2;7;3600;543942;
рандом от 0 до 5_2;8;3600;2231253;
рандом от 0 до 5_2;9;3600;47828;
рандом от 0 до 5_2;10;3600;19449970;
рандом от 0 до 5_2;11;3600;170018;
рандом от 0 до 5_2;12;3600;207470;
рандом от 0 до 5_2;0;3700;17749917;
рандом от 0 до 5_2;1;3700;34215750;
рандом от 0 до 5_2;2;3700;40940092;
рандом от 0 до 5_2;3;3700;61657184;
рандом от 0 до 5_2;4;3700;70327;
рандом от 0 до 5_2;5;3700;668585;
рандом от 0 до 5_2;6;3700;14274164;
рандом от 0 до 5_2;7;3700;560493;
рандом от 0 до 5_2;8;3700;2350791;
рандом от 0 до 5_2;9;3700;49128;
рандом от 0 до 5_2;10;3700;20545247;
рандом от 0 до 5_2;11;3700;174926;
рандом от 0 до 5_2;12;3700;207109;
рандом от 0 до 5_2;0;3800;18611410;
рандом от 0 до 5_2;1;3800;36090500;
рандом от 0 до 5_2;2;3800;43292033;
рандом от 0 до 5_2;3;3800;64856707;
рандом от 0 до 5_2;4;3800;72227;
рандом от 0 до 5_2;5;3800;689095;
рандом от 0 до 5_2;6;3800;14928709;
рандом от 0 до 5_2;7;3800;576840;
рандом от 0 до 5_2;8;3800;2478485;
рандом от 0 до 5_2;9;3800;50428;
рандом от 0 до 5_2;10;3800;21670491;
рандом от 0 до 5_2;11;3800;180022;
рандом от 0 до 5_2;12;3800;214431;
рандом от 0 до 5_2;0;3900;19643111;
рандом от 0 до 5_2;1;3900;38015250;
рандом от 0 до 5_2;2;3900;45562518;
рандом от 0 до 5_2;3;3900;68702603;
рандом от 0 до 5_2;4;3900;74127;
рандом от 0 до 5_2;5;3900;707782;
рандом от 0 до 5_2;6;3900;15765329;
рандом от 0 до 5_2;7;3900;593059;
рандом от 0 до 5_2;8;3900;2618435;
рандом от 0 до 5_2;9;3900;51728;
рандом от 0 до 5_2;10;3900;22825787;
рандом от 0 до 5_2;11;3900;185134;
рандом от 0 до 5_2;12;3900;217858;
рандом от 0 до 5_2;0;4000;20739237;
рандом от 0 до 5_2;1;4000;39990000;
рандом от 0 до 5_2;2;4000;47857502;
рандом от 0 до 5_2;3;4000;72236868;
рандом от 0 до 5_2;4;4000;76027;
рандом от 0 до 5_2;5;4000;728462;
рандом от 0 до 5_2;6;4000;16665704;
рандом от 0 до 5_2;7;4000;609275;
рандом от 0 до 5_2;8;4000;2742887;
рандом от 0 до 5_2;9;4000;53028;
рандом от 0 до 5_2;10;4000;24011080;
рандом от 0 до 5_2;11;4000;190886;
рандом от 0 до 5_2;12;4000;231899;
рандом от 0 до 5_2;0;4100;21811952;
рандом от 0 до 5_2;1;4100;42014750;
рандом от 0 до 5_2;2;4100;50260308;
рандом от 0 до 5_2;3;4100;75883174;
рандом от 0 до 5_2;4;4100;77927;
рандом от 0 до 5_2;5;4100;743372;
рандом от 0 до 5_2;6;4100;17529214;
рандом от 0 до 5_2;7;4100;625585;
рандом от 0 до 5_2;8;4100;2874273;
рандом от 0 до 5_2;9;4100;54328;
рандом от 0 до 5_2;10;4100;25226394;
рандом от 0 до 5_2;11;4100;196546;
рандом от 0 до 5_2;12;4100;265509;
рандом от 0 до 4000_2;0;100;15088;
рандом от 0 до 4000_2;1;100;24750;
рандом от 0 до 4000_2;2;100;29287;
рандом от 0 до 4000_2;3;100;44173;
рандом от 0 до 4000_2;4;100;1927;
рандом от 0 до 4000_2;5;100;10485;
рандом от 0 до 4000_2;6;100;11479;
рандом от 0 до 4000_2;7;100;9400;
рандом от 0 до 4000_2;8;100;3771;
рандом от 0 до 4000_2;9;100;2328;
рандом от 0 до 4000_2;10;100;15262;
рандом от 0 до 4000_2;11;100;2740;
рандом от 0 до 4000_2;12;100;3085;
рандом от 0 до 4000_2;0;200;56132;
рандом от 0 до 4000_2;1;200;99500;
рандом от 0 до 4000_2;2;200;117193;
рандом от 0 до 4000_2;3;200;178006;
рандом от 0 до 4000_2;4;200;3827;
рандом от 0 до 4000_2;5;200;23096;
рандом от 0 до 4000_2;6;200;45094;
рандом от 0 до 4000_2;7;200;20998;
рандом от 0 до 4000_2;8;200;10105;
рандом от 0 до 4000_2;9;200;3628;
рандом от 0 до 4000_2;10;200;60542;
рандом от 0 до 4000_2;11;200;6144;
рандом от 0 до 4000_2;12;200;7146;
рандом от 0 до 4000_2;0;300;118735;
рандом от 0 до 4000_2;1;300;224250;
рандом от 0 до 4000_2;2;300;268958;
рандом от 0 до 4000_2;3;300;392235;
рандом от 0 до 4000_2;4;300;5727;
рандом от 0 до 4000_2;5;300;37797;
рандом от 0 до 4000_2;6;300;95669;
рандом от 0 до 4000_2;7;300;33520;
рандом от 0 до 4000_2;8;300;20195;
рандом от 0 до 4000_2;9;300;4928;
рандом от 0 до 4000_2;10;300;135807;
рандом от 0 до 4000_2;11;300;10032;
рандом от 0 до 4000_2;12;300;12215;
рандом от 0 до 4000_2;0;400;203521;
рандом от 0 до 4000_2;1;400;399000;
рандом от 0 до 4000_2;2;400;481218;
рандом от 0 до 4000_2;3;400;712295;
рандом от 0 до 4000_2;4;400;7627;
рандом от 0 до 4000_2;5;400;51941;
рандом от 0 до 4000_2;6;400;165549;
рандом от 0 до 4000_2;7;400;46509;
рандом от 0 до 4000_2;8;400;33363;
рандом от 0 до 4000_2;9;400;6228;
рандом от 0 до 4000_2;10;400;241103;
рандом от 0 до 4000_2;11;400;14047;
рандом от 0 до 4000_2;12;400;16724;
рандом от 0 до 4000_2;0;500;309274;
рандом от 0 до 4000_2;1;500;623750;
рандом от 0 до 4000_2;2;500;759205;
рандом от 0 до 4000_2;3;500;1110279;
рандом от 0 до 4000_2;4;500;9527;
рандом от 0 до 4000_2;5;500;68051;
рандом от 0 до 4000_2;6;500;251429;
рандом от 0 до 4000_2;7;500;59610;
рандом от 0 до 4000_2;8;500;51085;
рандом от 0 до 4000_2;9;500;7528;
рандом от 0 до 4000_2;10;500;376391;
рандом от 0 до 4000_2;11;500;18107;
рандом от 0 до 4000_2;12;500;20188;
рандом от 0 до 4000_2;0;600;443315;
рандом от 0 до 4000_2;1;600;898500;
рандом от 0 до 4000_2;2;600;1088093;
рандом от 0 до 4000_2;3;600;1615000;
рандом от 0 до 4000_2;4;600;11427;
рандом от 0 до 4000_2;5;600;85113;
рандом от 0 до 4000_2;6;600;364684;
рандом от 0 до 4000_2;7;600;73597;
рандом от 0 до 4000_2;8;600;69865;
рандом от 0 до 4000_2;9;600;8828;
рандом от 0 до 4000_2;10;600;541611;
рандом от 0 до 4000_2;11;600;22603;
рандом от 0 до 4000_2;12;600;28010;
рандом от 0 до 4000_2;0;700;599443;
рандом от 0 до 4000_2;1;700;1223250;
рандом от 0 до 4000_2;2;700;1479232;
рандом от 0 до 4000_2;3;700;2159377;
рандом от 0 до 4000_2;4;700;13327;
рандом от 0 до 4000_2;5;700;101546;
рандом от 0 до 4000_2;6;700;497619;
рандом от 0 до 4000_2;7;700;87777;
рандом от 0 до 4000_2;8;700;93571;
рандом от 0 до 4000_2;9;700;10128;
рандом от 0 до 4000_2;10;700;736917;
рандом от 0 до 4000_2;11;700;26519;
рандом от 0 до 4000_2;12;700;31615;
рандом от 0 до 4000_2;0;800;791538;
рандом от 0 до 4000_2;1;800;1598000;
рандом от 0 до 4000_2;2;800;1924152;
рандом от 0 до 4000_2;3;800;2871462;
рандом от 0 до 4000_2;4;800;15227;
рандом от 0 до 4000_2;5;800;118497;
рандом от 0 до 4000_2;6;800;657574;
рандом от 0 до 4000_2;7;800;101787;
рандом от 0 до 4000_2;8;800;123003;
рандом от 0 до 4000_2;9;800;11428;
рандом от 0 до 4000_2;10;800;962206;
рандом от 0 до 4000_2;11;800;30950;
рандом от 0 до 4000_2;12;800;38393;
рандом от 0 до 4000_2;0;900;1002149;
рандом от 0 до 4000_2;1;900;2022750;
рандом от 0 до 4000_2;2;900;2452477;
рандом от 0 до 4000_2;3;900;3616402;
рандом от 0 до 4000_2;4;900;17127;
рандом от 0 до 4000_2;5;900;135068;
рандом от 0 до 4000_2;6;900;820954;
рандом от 0 до 4000_2;7;900;116065;
рандом от 0 до 4000_2;8;900;150439;
рандом от 0 до 4000_2;9;900;12728;
рандом от 0 до 4000_2;10;900;1217484;
рандом от 0 до 4000_2;11;900;35898;
рандом от 0 до 4000_2;12;900;42854;
рандом от 0 до 4000_2;0;1000;1256415;
рандом от 0 до 4000_2;1;1000;2497500;
рандом от 0 до 4000_2;2;1000;3013150;
рандом от 0 до 4000_2;3;1000;4492260;
рандом от 0 до 4000_2;4;1000;19027;
рандом от 0 до 4000_2;5;1000;151403;
рандом от 0 до 4000_2;6;1000;1025824;
рандом от 0 до 4000_2;7;1000;130185;
рандом от 0 до 4000_2;8;1000;185405;
рандом от 0 до 4000_2;9;1000;14028;
рандом от 0 до 4000_2;10;1000;1502762;
рандом от 0 до 4000_2;11;1000;40902;
рандом от 0 до 4000_2;12;1000;45982;
рандом от 0 до 4000_2;0;1100;1522444;
рандом от 0 до 4000_2;1;1100;3022250;
рандом от 0 до 4000_2;2;1100;3650103;
рандом от 0 до 4000_2;3;1100;5448151;
рандом от 0 до 4000_2;4;1100;20927;
рандом от 0 до 4000_2;5;1100;169471;
рандом от 0 до 4000_2;6;1100;1236169;
рандом от 0 до 4000_2;7;1100;145168;
рандом от 0 до 4000_2;8;1100;223269;
рандом от 0 до 4000_2;9;1100;15328;
рандом от 0 до 4000_2;10;1100;1818067;
рандом от 0 до 4000_2;11;1100;45410;
рандом от 0 до 4000_2;12;1100;55835;
рандом от 0 до 4000_2;0;1200;1843392;
рандом от 0 до 4000_2;1;1200;3597000;
рандом от 0 до 4000_2;2;1200;4323458;
рандом от 0 до 4000_2;3;1200;6464161;
рандом от 0 до 4000_2;4;1200;22827;
рандом от 0 до 4000_2;5;1200;188585;
рандом от 0 до 4000_2;6;1200;1497139;
рандом от 0 до 4000_2;7;1200;160508;
рандом от 0 до 4000_2;8;1200;263497;
рандом от 0 до 4000_2;9;1200;16628;
рандом от 0 до 4000_2;10;1200;2163334;
рандом от 0 до 4000_2;11;1200;50522;
рандом от 0 до 4000_2;12;1200;62522;
рандом от 0 до 4000_2;0;1300;2165859;
рандом от 0 до 4000_2;1;1300;4221750;
рандом от 0 до 4000_2;2;1300;5076103;
рандом от 0 до 4000_2;3;1300;7620989;
рандом от 0 до 4000_2;4;1300;24727;
рандом от 0 до 4000_2;5;1300;206852;
рандом от 0 до 4000_2;6;1300;1754079;
рандом от 0 до 4000_2;7;1300;175710;
рандом от 0 до 4000_2;8;1300;309177;
рандом от 0 до 4000_2;9;1300;17928;
рандом от 0 до 4000_2;10;1300;2538620;
рандом от 0 до 4000_2;11;1300;55190;
рандом от 0 до 4000_2;12;1300;67184;
рандом от 0 до 4000_2;0;1400;2508029;
рандом от 0 до 4000_2;1;1400;4896500;
рандом от 0 до 4000_2;2;1400;5884878;
рандом от 0 до 4000_2;3;1400;8842144;
рандом от 0 до 4000_2;4;1400;26627;
рандом от 0 до 4000_2;5;1400;224538;
рандом от 0 до 4000_2;6;1400;2025184;
рандом от 0 до 4000_2;7;1400;190995;
рандом от 0 до 4000_2;8;1400;356651;
рандом от 0 до 4000_2;9;1400;19228;
рандом от 0 до 4000_2;10;1400;2943909;
рандом от 0 до 4000_2;11;1400;60038;
рандом от 0 до 4000_2;12;1400;71790;
рандом от 0 до 4000_2;0;1500;2880961;
рандом от 0 до 4000_2;1;1500;5621250;
рандом от 0 до 4000_2;2;1500;6764123;
рандом от 0 до 4000_2;3;1500;10097906;
рандом от 0 до 4000_2;4;1500;28527;
рандом от 0 до 4000_2;5;1500;242826;
рандом от 0 до 4000_2;6;1500;2321234;
рандом от 0 до 4000_2;7;1500;206218;
рандом от 0 до 4000_2;8;1500;403023;
рандом от 0 до 4000_2;9;1500;20528;
рандом от 0 до 4000_2;10;1500;3379183;
рандом от 0 до 4000_2;11;1500;64702;
рандом от 0 до 4000_2;12;1500;76100;
рандом от 0 до 4000_2;0;1600;3286484;
рандом от 0 до 4000_2;1;1600;6396000;
рандом от 0 до 4000_2;2;1600;7689618;
рандом от 0 до 4000_2;3;1600;11534671;
рандом от 0 до 4000_2;4;1600;30427;
рандом от 0 до 4000_2;5;1600;261060;
рандом от 0 до 4000_2;6;1600;2649349;
рандом от 0 до 4000_2;7;1600;221423;
рандом от 0 до 4000_2;8;1600;455223;
рандом от 0 до 4000_2;9;1600;21828;
рандом от 0 до 4000_2;10;1600;3844437;
рандом от 0 до 4000_2;11;1600;69226;
рандом от 0 до 4000_2;12;1600;87678;
рандом от 0 до 4000_2;0;1700;3721671;
рандом от 0 до 4000_2;1;1700;7220750;
рандом от 0 до 4000_2;2;1700;8671235;
рандом от 0 до 4000_2;3;1700;13037502;
рандом от 0 до 4000_2;4;1700;32327;
рандом от 0 до 4000_2;5;1700;279177;
рандом от 0 до 4000_2;6;1700;2995354;
рандом от 0 до 4000_2;7;1700;236677;
рандом от 0 до 4000_2;8;1700;522927;
рандом от 0 до 4000_2;9;1700;23128;
рандом от 0 до 4000_2;10;1700;4339675;
рандом от 0 до 4000_2;11;1700;73958;
рандом от 0 до 4000_2;12;1700;87958;
рандом от 0 до 4000_2;0;1800;4173098;
рандом от 0 до 4000_2;1;1800;8095500;
рандом от 0 до 4000_2;2;1800;9727338;
рандом от 0 до 4000_2;3;1800;14552728;
рандом от 0 до 4000_2;4;1800;34227;
рандом от 0 до 4000_2;5;1800;297333;
рандом от 0 до 4000_2;6;1800;3353904;
рандом от 0 до 4000_2;7;1800;252066;
рандом от 0 до 4000_2;8;1800;570897;
рандом от 0 до 4000_2;9;1800;24428;
рандом от 0 до 4000_2;10;1800;4864933;
рандом от 0 до 4000_2;11;1800;78850;
рандом от 0 до 4000_2;12;1800;93941;
рандом от 0 до 4000_2;0;1900;4649037;
рандом от 0 до 4000_2;1;1900;9020250;
рандом от 0 до 4000_2;2;1900;10837362;
рандом от 0 до 4000_2;3;1900;16263294;
рандом от 0 до 4000_2;4;1900;36127;
рандом от 0 до 4000_2;5;1900;315426;
рандом от 0 до 4000_2;6;1900;3733074;
рандом от 0 до 4000_2;7;1900;267254;
рандом от 0 до 4000_2;8;1900;634995;
рандом от 0 до 4000_2;9;1900;25728;
рандом от 0 до 4000_2;10;1900;5420188;
рандом от 0 до 4000_2;11;1900;83886;
рандом от 0 до 4000_2;12;1900;96842;
рандом от 0 до 4000_2;0;2000;5191879;
рандом от 0 до 4000_2;1;2000;9995000;
рандом от 0 до 4000_2;2;2000;11968863;
рандом от 0 до 4000_2;3;2000;18084950;
рандом от 0 до 4000_2;4;2000;38027;
рандом от 0 до 4000_2;5;2000;335274;
рандом от 0 до 4000_2;6;2000;4178254;
рандом от 0 до 4000_2;7;2000;282544;
рандом от 0 до 4000_2;8;2000;702549;
рандом от 0 до 4000_2;9;2000;27028;
рандом от 0 до 4000_2;10;2000;6005504;
рандом от 0 до 4000_2;11;2000;89054;
рандом от 0 до 4000_2;12;2000;104058;
рандом от 0 до 4000_2;0;2100;5724579;
рандом от 0 до 4000_2;1;2100;11019750;
рандом от 0 до 4000_2;2;2100;13205818;
рандом от 0 до 4000_2;3;2100;19926917;
рандом от 0 до 4000_2;4;2100;39927;
рандом от 0 до 4000_2;5;2100;352806;
рандом от 0 до 4000_2;6;2100;4599799;
рандом от 0 до 4000_2;7;2100;298296;
рандом от 0 до 4000_2;8;2100;773987;
рандом от 0 до 4000_2;9;2100;28328;
рандом от 0 до 4000_2;10;2100;6620786;
рандом от 0 до 4000_2;11;2100;94118;
рандом от 0 до 4000_2;12;2100;118040;
рандом от 0 до 4000_2;0;2200;6293045;
рандом от 0 до 4000_2;1;2200;12094500;
рандом от 0 до 4000_2;2;2200;14473003;
рандом от 0 до 4000_2;3;2200;21901021;
рандом от 0 до 4000_2;4;2200;41827;
рандом от 0 до 4000_2;5;2200;371194;
рандом от 0 до 4000_2;6;2200;5055579;
рандом от 0 до 4000_2;7;2200;314740;
рандом от 0 до 4000_2;8;2200;850297;
рандом от 0 до 4000_2;9;2200;29628;
рандом от 0 до 4000_2;10;2200;7266079;
рандом от 0 до 4000_2;11;2200;98754;
рандом от 0 до 4000_2;12;2200;124408;
рандом от 0 до 4000_2;0;2300;6869307;
рандом от 0 до 4000_2;1;2300;13219250;
рандом от 0 до 4000_2;2;2300;15847867;
рандом от 0 до 4000_2;3;2300;23931678;
рандом от 0 до 4000_2;4;2300;43727;
рандом от 0 до 4000_2;5;2300;392159;
рандом от 0 до 4000_2;6;2300;5506874;
рандом от 0 до 4000_2;7;2300;331143;
рандом от 0 до 4000_2;8;2300;933771;
рандом от 0 до 4000_2;9;2300;30928;
рандом от 0 до 4000_2;10;2300;7941332;
рандом от 0 до 4000_2;11;2300;103298;
рандом от 0 до 4000_2;12;2300;128100;
рандом от 0 до 4000_2;0;2400;7508319;
рандом от 0 до 4000_2;1;2400;14394000;
рандом от 0 до 4000_2;2;2400;17210808;
рандом от 0 до 4000_2;3;2400;26033723;
рандом от 0 до 4000_2;4;2400;45627;
рандом от 0 до 4000_2;5;2400;409549;
рандом от 0 до 4000_2;6;2400;6029789;
рандом от 0 до 4000_2;7;2400;347660;
рандом от 0 до 4000_2;8;2400;1008375;
рандом от 0 до 4000_2;9;2400;32228;
рандом от 0 до 4000_2;10;2400;8646690;
рандом от 0 до 4000_2;11;2400;107962;
рандом от 0 до 4000_2;12;2400;139478;
рандом от 0 до 4000_2;0;2500;8145037;
рандом от 0 до 4000_2;1;2500;15618750;
рандом от 0 до 4000_2;2;2500;18666210;
рандом от 0 до 4000_2;3;2500;28264573;
рандом от 0 до 4000_2;4;2500;47527;
рандом от 0 до 4000_2;5;2500;431619;
рандом от 0 до 4000_2;6;2500;6528979;
рандом от 0 до 4000_2;7;2500;363816;
рандом от 0 до 4000_2;8;2500;1086659;
рандом от 0 до 4000_2;9;2500;33528;
рандом от 0 до 4000_2;10;2500;9381928;
рандом от 0 до 4000_2;11;2500;113034;
рандом от 0 до 4000_2;12;2500;142389;
рандом от 0 до 4000_2;0;2600;8765869;
рандом от 0 до 4000_2;1;2600;16893500;
рандом от 0 до 4000_2;2;2600;20256330;
рандом от 0 до 4000_2;3;2600;30484249;
рандом от 0 до 4000_2;4;2600;49427;
рандом от 0 до 4000_2;5;2600;452446;
рандом от 0 до 4000_2;6;2600;7014139;
рандом от 0 до 4000_2;7;2600;380306;
рандом от 0 до 4000_2;8;2600;1180643;
рандом от 0 до 4000_2;9;2600;34828;
рандом от 0 до 4000_2;10;2600;10147198;
рандом от 0 до 4000_2;11;2600;118270;
рандом от 0 до 4000_2;12;2600;147159;
рандом от 0 до 4000_2;0;2700;9499302;
рандом от 0 до 4000_2;1;2700;18218250;
рандом от 0 до 4000_2;2;2700;21780597;
рандом от 0 до 4000_2;3;2700;32957294;
рандом от 0 до 4000_2;4;2700;51327;
рандом от 0 до 4000_2;5;2700;470797;
рандом от 0 до 4000_2;6;2700;7618134;
рандом от 0 до 4000_2;7;2700;396516;
рандом от 0 до 4000_2;8;2700;1269557;
рандом от 0 до 4000_2;9;2700;36128;
рандом от 0 до 4000_2;10;2700;10942498;
рандом от 0 до 4000_2;11;2700;123338;
рандом от 0 до 4000_2;12;2700;153259;
рандом от 0 до 4000_2;0;2800;10228016;
рандом от 0 до 4000_2;1;2800;19593000;
рандом от 0 до 4000_2;2;2800;23424500;
рандом от 0 до 4000_2;3;2800;35460099;
рандом от 0 до 4000_2;4;2800;53227;
рандом от 0 до 4000_2;5;2800;490939;
рандом от 0 до 4000_2;6;2800;8206289;
рандом от 0 до 4000_2;7;2800;413016;
рандом от 0 до 4000_2;8;2800;1370875;
рандом от 0 до 4000_2;9;2800;37428;
рандом от 0 до 4000_2;10;2800;11767763;
рандом от 0 до 4000_2;11;2800;128738;
рандом от 0 до 4000_2;12;2800;160298;
рандом от 0 до 4000_2;0;2900;10964224;
рандом от 0 до 4000_2;1;2900;21017750;
рандом от 0 до 4000_2;2;2900;25122778;
рандом от 0 до 4000_2;3;2900;37991312;
рандом от 0 до 4000_2;4;2900;55127;
рандом от 0 до 4000_2;5;2900;511973;
рандом от 0 до 4000_2;6;2900;8788124;
рандом от 0 до 4000_2;7;2900;429332;
рандом от 0 до 4000_2;8;2900;1454227;
рандом от 0 до 4000_2;9;2900;38728;
рандом от 0 до 4000_2;10;2900;12623040;
рандом от 0 до 4000_2;11;2900;133766;
рандом от 0 до 4000_2;12;2900;162682;
рандом от 0 до 4000_2;0;3000;11761194;
рандом от 0 до 4000_2;1;3000;22492500;
рандом от 0 до 4000_2;2;3000;26864393;
рандом от 0 до 4000_2;3;3000;40673579;
рандом от 0 до 4000_2;4;3000;57027;
рандом от 0 до 4000_2;5;3000;527842;
рандом от 0 до 4000_2;6;3000;9441569;
рандом от 0 до 4000_2;7;3000;445924;
рандом от 0 до 4000_2;8;3000;1561157;
рандом от 0 до 4000_2;9;3000;40028;
рандом от 0 до 4000_2;10;3000;13508329;
рандом от 0 до 4000_2;11;3000;138654;
рандом от 0 до 4000_2;12;3000;168818;
рандом от 0 до 4000_2;0;3100;12591930;
рандом от 0 до 4000_2;1;3100;24017250;
рандом от 0 до 4000_2;2;3100;28617447;
рандом от 0 до 4000_2;3;3100;43365492;
рандом от 0 до 4000_2;4;3100;58927;
рандом от 0 до 4000_2;5;3100;549966;
рандом от 0 до 4000_2;6;3100;10152704;
рандом от 0 до 4000_2;7;3100;461901;
рандом от 0 до 4000_2;8;3100;1652475;
рандом от 0 до 4000_2;9;3100;41328;
рандом от 0 до 4000_2;10;3100;14423687;
рандом от 0 до 4000_2;11;3100;143838;
рандом от 0 до 4000_2;12;3100;175185;
рандом от 0 до 4000_2;0;3200;13314483;
рандом от 0 до 4000_2;1;3200;25592000;
рандом от 0 до 4000_2;2;3200;30539943;
рандом от 0 до 4000_2;3;3200;46257999;
рандом от 0 до 4000_2;4;3200;60827;
рандом от 0 до 4000_2;5;3200;568497;
рандом от 0 до 4000_2;6;3200;10757309;
рандом от 0 до 4000_2;7;3200;478370;
рандом от 0 до 4000_2;8;3200;1763261;
рандом от 0 до 4000_2;9;3200;42628;
рандом от 0 до 4000_2;10;3200;15368929;
рандом от 0 до 4000_2;11;3200;149082;
рандом от 0 до 4000_2;12;3200;192715;
рандом от 0 до 4000_2;0;3300;14147351;
рандом от 0 до 4000_2;1;3300;27216750;
рандом от 0 до 4000_2;2;3300;32508578;
рандом от 0 до 4000_2;3;3300;49200401;
рандом от 0 до 4000_2;4;3300;62727;
рандом от 0 до 4000_2;5;3300;588715;
рандом от 0 до 4000_2;6;3300;11415179;
рандом от 0 до 4000_2;7;3300;494859;
рандом от 0 до 4000_2;8;3300;1879371;
рандом от 0 до 4000_2;9;3300;43928;
рандом от 0 до 4000_2;10;3300;16344161;
рандом от 0 до 4000_2;11;3300;154166;
рандом от 0 до 4000_2;12;3300;185457;
рандом от 0 до 4000_2;0;3400;14974144;
рандом от 0 до 4000_2;1;3400;28891500;
рандом от 0 до 4000_2;2;3400;34573522;
рандом от 0 до 4000_2;3;3400;51948856;
рандом от 0 до 4000_2;4;3400;64627;
рандом от 0 до 4000_2;5;3400;607385;
рандом от 0 до 4000_2;6;3400;12053744;
рандом от 0 до 4000_2;7;3400;511198;
рандом от 0 до 4000_2;8;3400;1987045;
рандом от 0 до 4000_2;9;3400;45228;
рандом от 0 до 4000_2;10;3400;17349432;
рандом от 0 до 4000_2;11;3400;159426;
рандом от 0 до 4000_2;12;3400;194634;
рандом от 0 до 4000_2;0;3500;15914799;
рандом от 0 до 4000_2;1;3500;30616250;
рандом от 0 до 4000_2;2;3500;36578622;
рандом от 0 до 4000_2;3;3500;55342032;
рандом от 0 до 4000_2;4;3500;66527;
рандом от 0 до 4000_2;5;3500;627356;
рандом от 0 до 4000_2;6;3500;12810304;
рандом от 0 до 4000_2;7;3500;527599;
рандом от 0 до 4000_2;8;3500;2104343;
рандом от 0 до 4000_2;9;3500;46528;
рандом от 0 до 4000_2;10;3500;18384731;
рандом от 0 до 4000_2;11;3500;164910;
рандом от 0 до 4000_2;12;3500;195135;
рандом от 0 до 4000_2;0;3600;16822064;
рандом от 0 до 4000_2;1;3600;32391000;
рандом от 0 до 4000_2;2;3600;38741997;
рандом от 0 до 4000_2;3;3600;58517917;
рандом от 0 до 4000_2;4;3600;68427;
рандом от 0 до 4000_2;5;3600;647575;
рандом от 0 до 4000_2;6;3600;13536139;
рандом от 0 до 4000_2;7;3600;543942;
рандом от 0 до 4000_2;8;3600;2231253;
рандом от 0 до 4000_2;9;3600;47828;
рандом от 0 до 4000_2;10;3600;19449970;
рандом от 0 до 4000_2;11;3600;170018;
рандом от 0 до 4000_2;12;3600;207470;
рандом от 0 до 4000_2;0;3700;17749917;
рандом от 0 до 4000_2;1;3700;34215750;
рандом от 0 до 4000_2;2;3700;40940092;
рандом от 0 до 4000_2;3;3700;61657184;
рандом от 0 до 4000_2;4;3700;70327;
рандом от 0 до 4000_2;5;3700;668585;
рандом от 0 до 4000_2;6;3700;14274164;
рандом от 0 до 4000_2;7;3700;560493;
рандом от 0 до 4000_2;8;3700;2350791;
рандом от 0 до 4000_2;9;3700;49128;
рандом от 0 до 4000_2;10;3700;20545247;
рандом от 0 до 4000_2;11;3700;174926;
рандом от 0 до 4000_2;12;3700;207109;
рандом от 0 до 4000_2;0;3800;18611410;
рандом от 0 до 4000_2;1;3800;36090500;
рандом от 0 до 4000_2;2;3800;43292033;
рандом от 0 до 4000_2;3;3800;64856707;
рандом от 0 до 4000_2;4;3800;72227;
рандом от 0 до 4000_2;5;3800;689095;
рандом от 0 до 4000_2;6;3800;14928709;
рандом от 0 до 4000_2;7;3800;576840;
рандом от 0 до 4000_2;8;3800;2478485;
рандом от 0 до 4000_2;9;3800;50428;
рандом от 0 до 4000_2;10;3800;21670491;
рандом от 0 до 4000_2;11;3800;180022;
рандом от 0 до 4000_2;12;3800;214431;
рандом от 0 до 4000_2;0;3900;19643111;
рандом от 0 до 4000_2;1;3900;38015250;
рандом от 0 до 4000_2;2;3900;45562518;
рандом от 0 до 4000_2;3;3900;68702603;
рандом от 0 до 4000_2;4;3900;74127;
рандом от 0 до 4000_2;5;3900;707782;
рандом от 0 до 4000_2;6;3900;15765329;
рандом от 0 до 4000_2;7;3900;593059;
рандом от 0 до 4000_2;8;3900;2618435;
рандом от 0 до 4000_2;9;3900;51728;
рандом от 0 до 4000_2;10;3900;22825787;
рандом от 0 до 4000_2;11;3900;185134;
рандом от 0 до 4000_2;12;3900;217858;
рандом от 0 до 4000_2;0;4000;20739237;
рандом от 0 до 4000_2;1;4000;39990000;
рандом от 0 до 4000_2;2;4000;47857502;
рандом от 0 до 4000_2;3;4000;72236868;
рандом от 0 до 4000_2;4;4000;76027;
рандом от 0 до 4000_2;5;4000;728462;
рандом от 0 до 4000_2;6;4000;16665704;
рандом от 0 до 4000_2;7;4000;609275;
рандом от 0 до 4000_2;8;4000;2742887;
рандом от 0 до 4000_2;9;4000;53028;
рандом от 0 до 4000_2;10;4000;24011080;
рандом от 0 до 4000_2;11;4000;190886;
рандом от 0 до 4000_2;12;4000;231899;
рандом от 0 до 4000_2;0;4100;21811952;
рандом от 0 до 4000_2;1;4100;42014750;
рандом от 0 до 4000_2;2;4100;50260308;
рандом от 0 до 4000_2;3;4100;75883174;
рандом от 0 до 4000_2;4;4100;77927;
рандом от 0 до 4000_2;5;4100;743372;
рандом от 0 до 4000_2;6;4100;17529214;
рандом от 0 до 4000_2;7;4100;625585;
рандом от 0 до 4000_2;8;4100;2874273;
рандом от 0 до 4000_2;9;4100;54328;
рандом от 0 до 4000_2;10;4100;25226394;
рандом от 0 до 4000_2;11;4100;196546;
рандом от 0 до 4000_2;12;4100;265509;
почти отсортирован_2;0;100;4407;
почти отсортирован_2;1;100;24750;
почти отсортирован_2;2;100;44750;
почти отсортирован_2;3;100;802;
почти отсортирован_2;4;100;2303;
почти отсортирован_2;5;100;12942;
почти отсортирован_2;6;100;594;
почти отсортирован_2;7;100;9728;
почти отсортирован_2;8;100;20890;
почти отсортирован_2;9;100;2524;
почти отсортирован_2;10;100;15051;
почти отсортирован_2;11;100;2044;
почти отсортирован_2;12;100;2515;
почти отсортирован_2;0;200;10211;
почти отсортирован_2;1;200;99500;
почти отсортирован_2;2;200;179500;
почти отсортирован_2;3;200;1602;
почти отсортирован_2;4;200;4603;
почти отсортирован_2;5;200;29708;
почти отсортирован_2;6;200;1194;
почти отсортирован_2;7;200;21776;
почти отсортирован_2;8;200;81790;
почти отсортирован_2;9;200;4024;
почти отсортирован_2;10;200;60101;
почти отсортирован_2;11;200;4884;
почти отсортирован_2;12;200;6015;
почти отсортирован_2;0;300;16929;
почти отсортирован_2;1;300;224250;
почти отсортирован_2;2;300;403838;
почти отсортирован_2;3;300;5036;
почти отсортирован_2;4;300;11791;
почти отсортирован_2;5;300;47727;
почти отсортирован_2;6;300;2204;
почти отсортирован_2;7;300;34566;
почти отсортирован_2;8;300;181485;
почти отсортирован_2;9;300;9684;
почти отсортирован_2;10;300;135315;
почти отсортирован_2;11;300;8212;
почти отсортирован_2;12;300;10766;
почти отсортирован_2;0;400;24129;
почти отсортирован_2;1;400;399000;
почти отсортирован_2;2;400;718088;
почти отсортирован_2;3;400;6936;
почти отсортирован_2;4;400;13691;
почти отсортирован_2;5;400;66759;
почти отсортирован_2;6;400;3304;
почти отсортирован_2;7;400;47980;
почти отсортирован_2;8;400;321985;
почти отсортирован_2;9;400;12084;
почти отсортирован_2;10;400;240565;
почти отсортирован_2;11;400;12107;
почти отсортирован_2;12;400;14561;
почти отсортирован_2;0;500;31329;
почти отсортирован_2;1;500;623750;
почти отсортирован_2;2;500;1122338;
почти отсортирован_2;3;500;8836;
почти отсортирован_2;4;500;15591;
почти отсортирован_2;5;500;86014;
почти отсортирован_2;6;500;4404;
почти отсортирован_2;7;500;61332;
почти отсортирован_2;8;500;502485;
почти отсортирован_2;9;500;14484;
почти отсортирован_2;10;500;375815;
почти отсортирован_2;11;500;16007;
почти отсортирован_2;12;500;18376;
почти отсортирован_2;0;600;39145;
почти отсортирован_2;1;600;898500;
почти отсортирован_2;2;600;1616588;
почти отсортирован_2;3;600;10736;
почти отсортирован_2;4;600;17491;
почти отсортирован_2;5;600;106457;
почти отсортирован_2;6;600;5504;
почти отсортирован_2;7;600;75840;
почти отсортирован_2;8;600;722985;
почти отсортирован_2;9;600;16884;
почти отсортирован_2;10;600;541065;
почти отсортирован_2;11;600;19907;
почти отсортирован_2;12;600;25166;
почти отсортирован_2;0;700;47045;
почти отсортирован_2;1;700;1223250;
почти отсортирован_2;2;700;2200838;
почти отсортирован_2;3;700;12636;
почти отсортирован_2;4;700;19391;
почти отсортирован_2;5;700;127552;
почти отсортирован_2;6;700;6604;
почти отсортирован_2;7;700;90430;
почти отсортирован_2;8;700;983485;
почти отсортирован_2;9;700;19284;
почти отсортирован_2;10;700;736315;
почти отсортирован_2;11;700;23807;
почти отсортирован_2;12;700;29476;
почти отсортирован_2;0;800;54945;
почти отсортирован_2;1;800;1598000;
почти отсортирован_2;2;800;2875088;
почти отсортирован_2;3;800;14536;
почти отсортирован_2;4;800;21291;
почти отсортирован_2;5;800;148215;
почти отсортирован_2;6;800;7704;
почти отсортирован_2;7;800;104970;
почти отсортирован_2;8;800;1283985;
почти отсортирован_2;9;800;21684;
почти отсортирован_2;10;800;961565;
почти отсортирован_2;11;800;28202;
почти отсортирован_2;12;800;33761;
почти отсортирован_2;0;900;62845;
почти отсортирован_2;1;900;2022750;
почти отсортирован_2;2;900;3639338;
почти отсортирован_2;3;900;16436;
почти отсортирован_2;4;900;23191;
почти отсортирован_2;5;900;169232;
почти отсортирован_2;6;900;8804;
почти отсортирован_2;7;900;119500;
почти отсортирован_2;8;900;1624485;
почти отсортирован_2;9;900;24084;
почти отсортирован_2;10;900;1216815;
почти отсортирован_2;11;900;32602;
почти отсортирован_2;12;900;38066;
почти отсортирован_2;0;1000;70745;
почти отсортирован_2;1;1000;2497500;
почти отсортирован_2;2;1000;4493588;
почти отсортирован_2;3;1000;18336;
почти отсортирован_2;4;1000;25091;
почти отсортирован_2;5;1000;190393;
почти отсортирован_2;6;1000;9904;
почти отсортирован_2;7;1000;133970;
почти отсортирован_2;8;1000;2004985;
почти отсортирован_2;9;1000;26484;
почти отсортирован_2;10;1000;1502065;
почти отсортирован_2;11;1000;37002;
почти отсортирован_2;12;1000;42376;
почти отсортирован_2;0;1100;79177;
почти отсортирован_2;1;1100;3022250;
почти отсортирован_2;2;1100;5437838;
почти отсортирован_2;3;1100;20236;
почти отсортирован_2;4;1100;26991;
почти отсортирован_2;5;1100;212711;
почти отсортирован_2;6;1100;11004;
почти отсортирован_2;7;1100;149490;
почти отсортирован_2;8;1100;2425485;
почти отсортирован_2;9;1100;28884;
почти отсортирован_2;10;1100;1817315;
почти отсортирован_2;11;1100;41402;
почти отсортирован_2;12;1100;52166;
почти отсортирован_2;0;1200;87777;
почти отсортирован_2;1;1200;3597000;
почти отсортирован_2;2;1200;6472088;
почти отсортирован_2;3;1200;22136;
почти отсортирован_2;4;1200;28891;
почти отсортирован_2;5;1200;235339;
почти отсортирован_2;6;1200;12104;
почти отсортирован_2;7;1200;165290;
почти отсортирован_2;8;1200;2885985;
почти отсортирован_2;9;1200;31284;
почти отсортирован_2;10;1200;2162565;
почти отсортирован_2;11;1200;45802;
почти отсортирован_2;12;1200;56966;
почти отсортирован_2;0;1300;96377;
почти отсортирован_2;1;1300;4221750;
почти отсортирован_2;2;1300;7596338;
почти отсортирован_2;3;1300;24036;
почти отсортирован_2;4;1300;30791;
почти отсортирован_2;5;1300;258216;
почти отсортирован_2;6;1300;13204;
почти отсортирован_2;7;1300;181030;
почти отсортирован_2;8;1300;3386485;
почти отсортирован_2;9;1300;33684;
почти отсортирован_2;10;1300;2537815;
почти отсортирован_2;11;1300;50202;
почти отсортирован_2;12;1300;61766;
почти отсортирован_2;0;1400;104977;
почти отсортирован_2;1;1400;4896500;
почти отсортирован_2;2;1400;8810588;
почти отсортирован_2;3;1400;25936;
почти отсортирован_2;4;1400;32691;
почти отсортирован_2;5;1400;280811;
почти отсортирован_2;6;1400;14304;
почти отсортирован_2;7;1400;196768;
почти отсортирован_2;8;1400;3926985;
почти отсортирован_2;9;1400;36084;
почти отсортирован_2;10;1400;2943065;
почти отсортирован_2;11;1400;54602;
почти отсортирован_2;12;1400;66576;
почти отсортирован_2;0;1500;113577;
почти отсортирован_2;1;1500;5621250;
почти отсортирован_2;2;1500;10114838;
почти отсортирован_2;3;1500;27836;
почти отсортирован_2;4;1500;34591;
почти отсортирован_2;5;1500;303979;
почти отсортирован_2;6;1500;15404;
почти отсортирован_2;7;1500;212446;
почти отсортирован_2;8;1500;4507485;
почти отсортирован_2;9;1500;38484;
почти отсортирован_2;10;1500;3378315;
почти отсортирован_2;11;1500;59002;
почти отсортирован_2;12;1500;71381;
почти отсортирован_2;0;1600;128302;
почти отсортирован_2;1;1600;6396000;
почти отсортирован_2;2;1600;11502965;
почти отсортирован_2;3;1600;9086031;
почти отсортирован_2;4;1600;36803;
почти отсортирован_2;5;1600;326574;
почти отсортирован_2;6;1600;22629;
почти отсортирован_2;7;1600;228222;
почти отсортирован_2;8;1600;3999899;
почти отсортирован_2;9;1600;41040;
почти отсортирован_2;10;1600;3840804;
почти отсортирован_2;11;1600;64430;
почти отсортирован_2;12;1600;79836;
почти отсортирован_2;0;1700;136402;
почти отсортирован_2;1;1700;7220750;
почти отсортирован_2;2;1700;12987715;
почти отсортирован_2;3;1700;9086831;
почти отсортирован_2;4;1700;39103;
почти отсортирован_2;5;1700;349454;
почти отсортирован_2;6;1700;23229;
почти отсортирован_2;7;1700;244039;
почти отсортирован_2;8;1700;4660799;
почти отсортирован_2;9;1700;43640;
почти отсортирован_2;10;1700;4335854;
почти отсортирован_2;11;1700;68430;
почти отсортирован_2;12;1700;82762;
почти отсортирован_2;0;1800;144502;
почти отсортирован_2;1;1800;8095500;
почти отсортирован_2;2;1800;14562465;
почти отсортирован_2;3;1800;9087631;
почти отсортирован_2;4;1800;41403;
почти отсортирован_2;5;1800;372115;
почти отсортирован_2;6;1800;23829;
почти отсортирован_2;7;1800;259782;
почти отсортирован_2;8;1800;5361699;
почти отсортирован_2;9;1800;46240;
почти отсортирован_2;10;1800;4860904;
почти отсортирован_2;11;1800;72430;
почти отсортирован_2;12;1800;88841;
почти отсортирован_2;0;1900;152602;
почти отсортирован_2;1;1900;9020250;
почти отсортирован_2;2;1900;16227215;
почти отсортирован_2;3;1900;9088431;
почти отсортирован_2;4;1900;43703;
почти отсортирован_2;5;1900;395220;
почти отсортирован_2;6;1900;24429;
почти отсортирован_2;7;1900;275539;
почти отсортирован_2;8;1900;6102599;
почти отсортирован_2;9;1900;48840;
почти отсортирован_2;10;1900;5415954;
почти отсортирован_2;11;1900;76430;
почти отсортирован_2;12;1900;86930;
почти отсортирован_2;0;2000;160787;
почти отсортирован_2;1;2000;9995000;
почти отсортирован_2;2;2000;17981878;
почти отсортирован_2;3;2000;9093106;
почти отсортирован_2;4;2000;53947;
почти отсортирован_2;5;2000;417310;
почти отсортирован_2;6;2000;25114;
почти отсортирован_2;7;2000;291201;
почти отсортирован_2;8;2000;6875494;
почти отсортирован_2;9;2000;51406;
почти отсортирован_2;10;2000;6001038;
почти отсортирован_2;11;2000;80498;
почти отсортирован_2;12;2000;97158;
почти отсортирован_2;0;2100;169751;
почти отсортирован_2;1;2100;11019750;
почти отсортирован_2;2;2100;19826128;
почти отсортирован_2;3;2100;9095006;
почти отсортирован_2;4;2100;55847;
почти отсортирован_2;5;2100;442170;
почти отсортирован_2;6;2100;26214;
почти отсортирован_2;7;2100;307524;
почти отсортирован_2;8;2100;7695994;
почти отсортирован_2;9;2100;53806;
почти отсортирован_2;10;2100;6616288;
почти отсортирован_2;11;2100;84898;
почти отсортирован_2;12;2100;110978;
почти отсортирован_2;0;2200;179331;
почти отсортирован_2;1;2200;12094500;
почти отсортирован_2;2;2200;21760092;
почти отсортирован_2;3;2200;9102498;
почти отсортирован_2;4;2200;57747;
почти отсортирован_2;5;2200;466549;
почти отсортирован_2;6;2200;27594;
почти отсортирован_2;7;2200;324474;
почти отсортирован_2;8;2200;8547706;
почти отсортирован_2;9;2200;56206;
почти отсортирован_2;10;2200;7261566;
почти отсортирован_2;11;2200;89434;
почти отсортирован_2;12;2200;112492;
почти отсортирован_2;0;2300;189131;
почти отсортирован_2;1;2300;13219250;
почти отсортирован_2;2;2300;23783842;
почти отсортирован_2;3;2300;9105498;
почти отсортирован_2;4;2300;59647;
почти отсортирован_2;5;2300;490961;
почти отсортирован_2;6;2300;29194;
почти отсортирован_2;7;2300;341299;
почти отсортирован_2;8;2300;9447806;
почти отсортирован_2;9;2300;58606;
почти отсортирован_2;10;2300;7936866;
почти отсортирован_2;11;2300;94074;
почти отсортирован_2;12;2300;121311;
почти отсортирован_2;0;2400;198931;
почти отсортирован_2;1;2400;14394000;
почти отсортирован_2;2;2400;25897592;
почти отсортирован_2;3;2400;9108498;
почти отсортирован_2;4;2400;61547;
почти отсортирован_2;5;2400;515812;
почти отсортирован_2;6;2400;30794;
почти отсортирован_2;7;2400;358168;
почти отсортирован_2;8;2400;10387906;
почти отсортирован_2;9;2400;61006;
почти отсортирован_2;10;2400;8642166;
почти отсортирован_2;11;2400;98706;
почти отсортирован_2;12;2400;128102;
почти отсортирован_2;0;2500;208731;
почти отсортирован_2;1;2500;15618750;
почти отсортирован_2;2;2500;28101342;
почти отсортирован_2;3;2500;9111498;
почти отсортирован_2;4;2500;63447;
почти отсортирован_2;5;2500;540586;
почти отсортирован_2;6;2500;32394;
почти отсортирован_2;7;2500;375271;
почти отсортирован_2;8;2500;11368006;
почти отсортирован_2;9;2500;63406;
почти отсортирован_2;10;2500;9377466;
почти отсортирован_2;11;2500;103338;
почти отсортирован_2;12;2500;132591;
почти отсортирован_2;0;2600;218531;
почти отсортирован_2;1;2600;16893500;
почти отсортирован_2;2;2600;30395092;
почти отсортирован_2;3;2600;9114498;
почти отсортирован_2;4;2600;65347;
почти отсортирован_2;5;2600;565030;
почти отсортирован_2;6;2600;33994;
почти отсортирован_2;7;2600;392073;
почти отсортирован_2;8;2600;12388106;
почти отсортирован_2;9;2600;65806;
почти отсортирован_2;10;2600;10142766;
почти отсортирован_2;11;2600;107978;
почти отсортирован_2;12;2600;138384;
почти отсортирован_2;0;2700;228331;
почти отсортирован_2;1;2700;18218250;
почти отсортирован_2;2;2700;32778842;
почти отсортирован_2;3;2700;9117498;
почти отсортирован_2;4;2700;67247;
почти отсортирован_2;5;2700;589785;
почти отсортирован_2;6;2700;35594;
почти отсортирован_2;7;2700;408577;
почти отсортирован_2;8;2700;13448206;
почти отсортирован_2;9;2700;68206;
почти отсортирован_2;10;2700;10938066;
почти отсортирован_2;11;2700;112618;
почти отсортирован_2;12;2700;142531;
почти отсортирован_2;0;2800;238131;
почти отсортирован_2;1;2800;19593000;
почти отсортирован_2;2;2800;35252592;
почти отсортирован_2;3;2800;9120498;
почти отсортирован_2;4;2800;69147;
почти отсортирован_2;5;2800;614461;
почти отсортирован_2;6;2800;37194;
почти отсортирован_2;7;2800;425332;
почти отсортирован_2;8;2800;14548306;
почти отсортирован_2;9;2800;70606;
почти отсортирован_2;10;2800;11763366;
почти отсортирован_2;11;2800;117226;
почти отсортирован_2;12;2800;148364;
почти отсортирован_2;0;2900;247931;
почти отсортирован_2;1;2900;21017750;
почти отсортирован_2;2;2900;37816342;
почти отсортирован_2;3;2900;9123498;
почти отсортирован_2;4;2900;71047;
почти отсортирован_2;5;2900;639149;
почти отсортирован_2;6;2900;38794;
почти отсортирован_2;7;2900;442817;
почти отсортирован_2;8;2900;15688406;
почти отсортирован_2;9;2900;73006;
почти отсортирован_2;10;2900;12618666;
почти отсортирован_2;11;2900;121858;
почти отсортирован_2;12;2900;153976;
почти отсортирован_2;0;3000;257731;
почти отсортирован_2;1;3000;22492500;
почти отсортирован_2;2;3000;40470092;
почти отсортирован_2;3;3000;9126498;
почти отсортирован_2;4;3000;72947;
почти отсортирован_2;5;3000;663804;
почти отсортирован_2;6;3000;40394;
почти отсортирован_2;7;3000;459534;
почти отсортирован_2;8;3000;16868506;
почти отсортирован_2;9;3000;75406;
почти отсортирован_2;10;3000;13503966;
почти отсортирован_2;11;3000;126498;
почти отсортирован_2;12;3000;161369;
почти отсортирован_2;0;3100;267531;
почти отсортирован_2;1;3100;24017250;
почти отсортирован_2;2;3100;43213842;
почти отсортирован_2;3;3100;9129498;
почти отсортирован_2;4;3100;74847;
почти отсортирован_2;5;3100;688620;
почти отсортирован_2;6;3100;41994;
почти отсортирован_2;7;3100;476255;
почти отсортирован_2;8;3100;18088606;
почти отсортирован_2;9;3100;77806;
почти отсортирован_2;10;3100;14419266;
почти отсортирован_2;11;3100;131130;
почти отсортирован_2;12;3100;165363;
почти отсортирован_2;0;3200;277331;
почти отсортирован_2;1;3200;25592000;
почти отсортирован_2;2;3200;46047592;
почти отсортирован_2;3;3200;9132498;
почти отсортирован_2;4;3200;76747;
почти отсортирован_2;5;3200;713559;
почти отсортирован_2;6;3200;43594;
почти отсортирован_2;7;3200;493097;
почти отсортирован_2;8;3200;19348706;
почти отсортирован_2;9;3200;80206;
почти отсортирован_2;10;3200;15364566;
почти отсортирован_2;11;3200;135770;
почти отсортирован_2;12;3200;172627;
почти отсортирован_2;0;3300;287131;
почти отсортирован_2;1;3300;27216750;
почти отсортирован_2;2;3300;48971342;
почти отсортирован_2;3;3300;9135498;
почти отсортирован_2;4;3300;78647;
почти отсортирован_2;5;3300;737961;
почти отсортирован_2;6;3300;45194;
почти отсортирован_2;7;3300;509899;
почти отсортирован_2;8;3300;20648806;
почти отсортирован_2;9;3300;82606;
почти отсортирован_2;10;3300;16339866;
почти отсортирован_2;11;3300;140402;
почти отсортирован_2;12;3300;177336;
почти отсортирован_2;0;3400;297431;
почти отсортирован_2;1;3400;28891500;
почти отсортирован_2;2;3400;51984568;
почти отсортирован_2;3;3400;9168846;
почти отсортирован_2;4;3400;80723;
почти отсортирован_2;5;3400;762550;
почти отсортирован_2;6;3400;47294;
почти отсортирован_2;7;3400;526556;
почти отсортирован_2;8;3400;21961739;
почти отсортирован_2;9;3400;85008;
почти отсортирован_2;10;3400;17345193;
почти отсортирован_2;11;3400;145210;
почти отсортирован_2;12;3400;182127;
почти отсортирован_2;0;3500;308231;
почти отсортирован_2;1;3500;30616250;
почти отсортирован_2;2;3500;55087318;
почти отсортирован_2;3;3500;9174046;
почти отсортирован_2;4;3500;82623;
почти отсортирован_2;5;3500;787695;
почти отсортирован_2;6;3500;49894;
почти отсортирован_2;7;3500;543658;
почти отсортирован_2;8;3500;23341039;
почти отсортирован_2;9;3500;87408;
почти отсортирован_2;10;3500;18380543;
почти отсортирован_2;11;3500;150114;
почти отсортирован_2;12;3500;188331;
почти отсортирован_2;0;3600;325766;
почти отсортирован_2;1;3600;32391000;
почти отсортирован_2;2;3600;58273347;
почти отсортирован_2;3;3600;31996463;
почти отсортирован_2;4;3600;84523;
почти отсортирован_2;5;3600;811955;
почти отсортирован_2;6;3600;59229;
почти отсортирован_2;7;3600;560254;
почти отсортирован_2;8;3600;12768132;
почти отсортирован_2;9;3600;89808;
почти отсортирован_2;10;3600;19445288;
почти отсортирован_2;11;3600;154814;
почти отсортирован_2;12;3600;198623;
почти отсортирован_2;0;3700;336066;
почти отсортирован_2;1;3700;34215750;
почти отсортирован_2;2;3700;61556597;
почти отсортирован_2;3;3700;32000563;
почти отсортирован_2;4;3700;86423;
почти отсортирован_2;5;3700;836746;
почти отсортирован_2;6;3700;61329;
почти отсортирован_2;7;3700;576839;
почти отсортирован_2;8;3700;14227849;
почти отсортирован_2;9;3700;92208;
почти отсортирован_2;10;3700;20540638;
почти отсортирован_2;11;3700;159574;
почти отсортирован_2;12;3700;199432;
почти отсортирован_2;0;3800;347971;
почти отсортирован_2;1;3800;36090500;
почти отсортирован_2;2;3800;64928252;
почти отсортирован_2;3;3800;32596402;
почти отсортирован_2;4;3800;88323;
почти отсортирован_2;5;3800;861441;
почти отсортирован_2;6;3800;65034;
почти отсортирован_2;7;3800;593529;
почти отсортирован_2;8;3800;10744284;
почти отсортирован_2;9;3800;94608;
почти отсортирован_2;10;3800;21665770;
почти отсортирован_2;11;3800;164834;
почти отсортирован_2;12;3800;202767;
почти отсортирован_2;0;3900;357771;
почти отсортирован_2;1;3900;38015250;
почти отсортирован_2;2;3900;68392002;
почти отсортирован_2;3;3900;32599402;
почти отсортирован_2;4;3900;90223;
почти отсортирован_2;5;3900;886319;
почти отсортирован_2;6;3900;66634;
почти отсортирован_2;7;3900;610327;
почти отсортирован_2;8;3900;12284384;
почти отсортирован_2;9;3900;97008;
почти отсортирован_2;10;3900;22821070;
почти отсортирован_2;11;3900;169490;
почти отсортирован_2;12;3900;209674;
почти отсортирован_2;0;4000;377506;
почти отсортирован_2;1;4000;39990000;
почти отсортирован_2;2;4000;71935823;
почти отсортирован_2;3;4000;47872223;
почти отсортирован_2;4;4000;92123;
почти отсортирован_2;5;4000;913022;
почти отсортирован_2;6;4000;78169;
почти отсортирован_2;7;4000;625648;
почти отсортирован_2;8;4000;10657689;
почти отсортирован_2;9;4000;99408;
почти отсортирован_2;10;4000;24003340;
почти отсортирован_2;11;4000;177382;
почти отсортирован_2;12;4000;219827;
почти отсортирован_2;0;4100;389954;
почти отсортирован_2;1;4100;42014750;
почти отсортирован_2;2;4100;75576955;
почти отсортирован_2;3;4100;48119723;
почти отсортирован_2;4;4100;94303;
почти отсортирован_2;5;4100;940471;
почти отсортирован_2;6;4100;82389;
почти отсортирован_2;7;4100;642396;
почти отсортирован_2;8;4100;9577190;
почти отсортирован_2;9;4100;101948;
почти отсортирован_2;10;4100;25217066;
почти отсортирован_2;11;4100;181606;
почти отсортирован_2;12;4100;244449;
обратно отсортирован_2;0;100;28758;
обратно отсортирован_2;1;100;24750;
обратно отсортирован_2;2;100;398;
обратно отсортирован_2;3;100;54856;
обратно отсортирован_2;4;100;2303;
обратно отсортирован_2;5;100;10600;
обратно отсортирован_2;6;100;25344;
обратно отсортирован_2;7;100;8700;
обратно отсортирован_2;8;100;15890;
обратно отсортирован_2;9;100;4450;
обратно отсортирован_2;10;100;17601;
обратно отсортирован_2;11;100;3060;
обратно отсортирован_2;12;100;3295;
обратно отсортирован_2;0;200;108871;
обратно отсортирован_2;1;200;99500;
обратно отсортирован_2;2;200;798;
обратно отсортирован_2;3;200;219706;
обратно отсортирован_2;4;200;4603;
обратно отсортирован_2;5;200;24415;
обратно отсортирован_2;6;200;100694;
обратно отсортирован_2;7;200;19420;
обратно отсортирован_2;8;200;61790;
обратно отсортирован_2;9;200;6850;
обратно отсортирован_2;10;200;70201;
обратно отсортирован_2;11;200;6884;
обратно отсортирован_2;12;200;7875;
обратно отсортирован_2;0;300;239621;
обратно отсортирован_2;1;300;224250;
обратно отсортирован_2;2;300;1198;
обратно отсортирован_2;3;300;494556;
обратно отсортирован_2;4;300;6903;
обратно отсортирован_2;5;300;40033;
обратно отсортирован_2;6;300;226044;
обратно отсортирован_2;7;300;30860;
обратно отсортирован_2;8;300;137690;
обратно отсортирован_2;9;300;9250;
обратно отсортирован_2;10;300;157801;
обратно отсортирован_2;11;300;11188;
обратно отсортирован_2;12;300;13520;
обратно отсортирован_2;0;400;420490;
обратно отсортирован_2;1;400;399000;
обратно отсортирован_2;2;400;1598;
обратно отсортирован_2;3;400;879406;
обратно отсортирован_2;4;400;9203;
обратно отсортирован_2;5;400;56390;
обратно отсортирован_2;6;400;401394;
обратно отсортирован_2;7;400;42860;
обратно отсортирован_2;8;400;243590;
обратно отсортирован_2;9;400;11650;
обратно отсортирован_2;10;400;280401;
обратно отсортирован_2;11;400;15603;
обратно отсортирован_2;12;400;18335;
обратно отсортирован_2;0;500;651940;
обратно отсортирован_2;1;500;623750;
обратно отсортирован_2;2;500;1998;
обратно отсортирован_2;3;500;1374256;
обратно отсортирован_2;4;500;11503;
обратно отсортирован_2;5;500;73243;
обратно отсортирован_2;6;500;626744;
обратно отсортирован_2;7;500;54860;
обратно отсортирован_2;8;500;379490;
обратно отсортирован_2;9;500;14050;
обратно отсортирован_2;10;500;438001;
обратно отсортирован_2;11;500;21175;
обратно отсортирован_2;12;500;23830;
обратно отсортирован_2;0;600;933390;
обратно отсортирован_2;1;600;898500;
обратно отсортирован_2;2;600;2398;
обратно отсортирован_2;3;600;1979106;
обратно отсортирован_2;4;600;13803;
обратно отсортирован_2;5;600;90839;
обратно отсортирован_2;6;600;902094;
обратно отсортирован_2;7;600;67740;
обратно отсортирован_2;8;600;545390;
обратно отсортирован_2;9;600;16450;
обратно отсортирован_2;10;600;630601;
обратно отсортирован_2;11;600;26339;
обратно отсортирован_2;12;600;30920;
обратно отсортирован_2;0;700;1264840;
обратно отсортирован_2;1;700;1223250;
обратно отсортирован_2;2;700;2798;
обратно отсортирован_2;3;700;2693956;
обратно отсортирован_2;4;700;16103;
обратно отсортирован_2;5;700;109012;
обратно отсортирован_2;6;700;1227444;
обратно отсортирован_2;7;700;80740;
обратно отсортирован_2;8;700;741290;
обратно отсортирован_2;9;700;18850;
обратно отсортирован_2;10;700;858201;
обратно отсортирован_2;11;700;31095;
обратно отсортирован_2;12;700;36790;
обратно отсортирован_2;0;800;1646521;
обратно отсортирован_2;1;800;1598000;
обратно отсортирован_2;2;800;3198;
обратно отсортирован_2;3;800;3518806;
обратно отсортирован_2;4;800;18403;
обратно отсортирован_2;5;800;127510;
обратно отсортирован_2;6;800;1602794;
обратно отсортирован_2;7;800;93740;
обратно отсортирован_2;8;800;967190;
обратно отсортирован_2;9;800;21250;
обратно отсортирован_2;10;800;1120801;
обратно отсортирован_2;11;800;35898;
обратно отсортирован_2;12;800;41855;
обратно отсортирован_2;0;900;2078671;
обратно отсортирован_2;1;900;2022750;
обратно отсортирован_2;2;900;3598;
обратно отсортирован_2;3;900;4453656;
обратно отсортирован_2;4;900;20703;
обратно отсортирован_2;5;900;146491;
обратно отсортирован_2;6;900;2028144;
обратно отсортирован_2;7;900;106740;
обратно отсортирован_2;8;900;1223090;
обратно отсортирован_2;9;900;23650;
обратно отсортирован_2;10;900;1418401;
обратно отсортирован_2;11;900;41218;
обратно отсортирован_2;12;900;48560;
обратно отсортирован_2;0;1000;2560821;
обратно отсортирован_2;1;1000;2497500;
обратно отсортирован_2;2;1000;3998;
обратно отсортирован_2;3;1000;5498506;
обратно отсортирован_2;4;1000;23003;
обратно отсортирован_2;5;1000;164229;
обратно отсортирован_2;6;1000;2503494;
обратно отсортирован_2;7;1000;119740;
обратно отсортирован_2;8;1000;1508990;
обратно отсортирован_2;9;1000;26050;
обратно отсортирован_2;10;1000;1751001;
обратно отсортирован_2;11;1000;46234;
обратно отсортирован_2;12;1000;54130;
обратно отсортирован_2;0;1100;3092971;
обратно отсортирован_2;1;1100;3022250;
обратно отсортирован_2;2;1100;4398;
обратно отсортирован_2;3;1100;6653356;
обратно отсортирован_2;4;1100;25303;
обратно отсортирован_2;5;1100;184613;
обратно отсортирован_2;6;1100;3028844;
обратно отсортирован_2;7;1100;133500;
обратно отсортирован_2;8;1100;1824890;
обратно отсортирован_2;9;1100;28450;
обратно отсортирован_2;10;1100;2118601;
обратно отсортирован_2;11;1100;51874;
обратно отсортирован_2;12;1100;63224;
обратно отсортирован_2;0;1200;3675121;
обратно отсортирован_2;1;1200;3597000;
обратно отсортирован_2;2;1200;4798;
обратно отсортирован_2;3;1200;7918206;
обратно отсортирован_2;4;1200;27603;
обратно отсортирован_2;5;1200;203691;
обратно отсортирован_2;6;1200;3604194;
обратно отсортирован_2;7;1200;147500;
обратно отсортирован_2;8;1200;2170790;
обратно отсортирован_2;9;1200;30850;
обратно отсортирован_2;10;1200;2521201;
обратно отсортирован_2;11;1200;57106;
обратно отсортирован_2;12;1200;69620;
обратно отсортирован_2;0;1300;4307271;
обратно отсортирован_2;1;1300;4221750;
обратно отсортирован_2;2;1300;5198;
обратно отсортирован_2;3;1300;9293056;
обратно отсортирован_2;4;1300;29903;
обратно отсортирован_2;5;1300;224578;
обратно отсортирован_2;6;1300;4229544;
обратно отсортирован_2;7;1300;161500;
обратно отсортирован_2;8;1300;2546690;
обратно отсортирован_2;9;1300;33250;
обратно отсортирован_2;10;1300;2958801;
обратно отсортирован_2;11;1300;66506;
обратно отсортирован_2;12;1300;77060;
обратно отсортирован_2;0;1400;4989421;
обратно отсортирован_2;1;1400;4896500;
обратно отсортирован_2;2;1400;5598;
обратно отсортирован_2;3;1400;10777906;
обратно отсортирован_2;4;1400;32203;
обратно отсортирован_2;5;1400;243953;
обратно отсортирован_2;6;1400;4904894;
обратно отсортирован_2;7;1400;175500;
обратно отсортирован_2;8;1400;2952590;
обратно отсортирован_2;9;1400;35650;
обратно отсортирован_2;10;1400;3431401;
обратно отсортирован_2;11;1400;69722;
обратно отсортирован_2;12;1400;82650;
обратно отсортирован_2;0;1500;5721571;
обратно отсортирован_2;1;1500;5621250;
обратно отсортирован_2;2;1500;5998;
обратно отсортирован_2;3;1500;12372756;
обратно отсортирован_2;4;1500;34503;
обратно отсортирован_2;5;1500;265692;
обратно отсортирован_2;6;1500;5630244;
обратно отсортирован_2;7;1500;189500;
обратно отсортирован_2;8;1500;3388490;
обратно отсортирован_2;9;1500;38050;
обратно отсортирован_2;10;1500;3939001;
обратно отсортирован_2;11;1500;76354;
обратно отсортирован_2;12;1500;88823;
обратно отсортирован_2;0;1600;6504176;
обратно отсортирован_2;1;1600;6396000;
обратно отсортирован_2;2;1600;6398;
обратно отсортирован_2;3;1600;14077606;
обратно отсортирован_2;4;1600;36803;
обратно отсортирован_2;5;1600;284267;
обратно отсортирован_2;6;1600;6405594;
обратно отсортирован_2;7;1600;203500;
обратно отсортирован_2;8;1600;3854390;
обратно отсортирован_2;9;1600;40450;
обратно отсортирован_2;10;1600;4481601;
обратно отсортирован_2;11;1600;79058;
обратно отсортирован_2;12;1600;94095;
обратно отсортирован_2;0;1700;7337026;
обратно отсортирован_2;1;1700;7220750;
обратно отсортирован_2;2;1700;6798;
обратно отсортирован_2;3;1700;15892456;
обратно отсортирован_2;4;1700;39103;
обратно отсортирован_2;5;1700;305864;
обратно отсортирован_2;6;1700;7230944;
обратно отсортирован_2;7;1700;217500;
обратно отсортирован_2;8;1700;4350290;
обратно отсортирован_2;9;1700;42850;
обратно отсортирован_2;10;1700;5059201;
обратно отсортирован_2;11;1700;87994;
обратно отсортирован_2;12;1700;100345;
обратно отсортирован_2;0;1800;8219876;
обратно отсортирован_2;1;1800;8095500;
обратно отсортирован_2;2;1800;7198;
обратно отсортирован_2;3;1800;17817306;
обратно отсортирован_2;4;1800;41403;
обратно отсортирован_2;5;1800;325832;
обратно отсортирован_2;6;1800;8106294;
обратно отсортирован_2;7;1800;231500;
обратно отсортирован_2;8;1800;4876190;
обратно отсортирован_2;9;1800;45250;
обратно отсортирован_2;10;1800;5671801;
обратно отсортирован_2;11;1800;90978;
обратно отсортирован_2;12;1800;108800;
обратно отсортирован_2;0;1900;9152726;
обратно отсортирован_2;1;1900;9020250;
обратно отсортирован_2;2;1900;7598;
обратно отсортирован_2;3;1900;19852156;
обратно отсортирован_2;4;1900;43703;
обратно отсортирован_2;5;1900;348511;
обратно отсортирован_2;6;1900;9031644;
обратно отсортирован_2;7;1900;245500;
обратно отсортирован_2;8;1900;5432090;
обратно отсортирован_2;9;1900;47650;
обратно отсортирован_2;10;1900;6319401;
обратно отсортирован_2;11;1900;99250;
обратно отсортирован_2;12;1900;113495;
обратно отсортирован_2;0;2000;10135576;
обратно отсортирован_2;1;2000;9995000;
обратно отсортирован_2;2;2000;7998;
обратно отсортирован_2;3;2000;21997006;
обратно отсортирован_2;4;2000;46003;
обратно отсортирован_2;5;2000;366837;
обратно отсортирован_2;6;2000;10006994;
обратно отсортирован_2;7;2000;259500;
обратно отсортирован_2;8;2000;6017990;
обратно отсортирован_2;9;2000;50050;
обратно отсортирован_2;10;2000;7002001;
обратно отсортирован_2;11;2000;107522;
обратно отсортирован_2;12;2000;121230;
обратно отсортирован_2;0;2100;11168426;
обратно отсортирован_2;1;2100;11019750;
обратно отсортирован_2;2;2100;8398;
обратно отсортирован_2;3;2100;24251856;
обратно отсортирован_2;4;2100;48303;
обратно отсортирован_2;5;2100;388920;
обратно отсортирован_2;6;2100;11032344;
обратно отсортирован_2;7;2100;274020;
обратно отсортирован_2;8;2100;6633890;
обратно отсортирован_2;9;2100;52450;
обратно отсортирован_2;10;2100;7719601;
обратно отсортирован_2;11;2100;112626;
обратно отсортирован_2;12;2100;133400;
обратно отсортирован_2;0;2200;12251276;
обратно отсортирован_2;1;2200;12094500;
обратно отсортирован_2;2;2200;8798;
обратно отсортирован_2;3;2200;26616706;
обратно отсортирован_2;4;2200;50603;
обратно отсортирован_2;5;2200;409261;
обратно отсортирован_2;6;2200;12107694;
обратно отсортирован_2;7;2200;289020;
обратно отсортирован_2;8;2200;7279790;
обратно отсортирован_2;9;2200;54850;
обратно отсортирован_2;10;2200;8472201;
обратно отсортирован_2;11;2200;119010;
обратно отсортирован_2;12;2200;140728;
обратно отсортирован_2;0;2300;13384126;
обратно отсортирован_2;1;2300;13219250;
обратно отсортирован_2;2;2300;9198;
обратно отсортирован_2;3;2300;29091556;
обратно отсортирован_2;4;2300;52903;
обратно отсортирован_2;5;2300;432933;
обратно отсортирован_2;6;2300;13233044;
обратно отсортирован_2;7;2300;304020;
обратно отсортирован_2;8;2300;7955690;
обратно отсортирован_2;9;2300;57250;
обратно отсортирован_2;10;2300;9259801;
обратно отсортирован_2;11;2300;122650;
обратно отсортирован_2;12;2300;151635;
обратно отсортирован_2;0;2400;14566976;
обратно отсортирован_2;1;2400;14394000;
обратно отсортирован_2;2;2400;9598;
обратно отсортирован_2;3;2400;31676406;
обратно отсортирован_2;4;2400;55203;
обратно отсортирован_2;5;2400;452250;
обратно отсортирован_2;6;2400;14408394;
обратно отсортирован_2;7;2400;319020;
обратно отсортирован_2;8;2400;8661590;
обратно отсортирован_2;9;2400;59650;
обратно отсортирован_2;10;2400;10082401;
обратно отсортирован_2;11;2400;128858;
обратно отсортирован_2;12;2400;154820;
обратно отсортирован_2;0;2500;15799826;
обратно отсортирован_2;1;2500;15618750;
обратно отсортирован_2;2;2500;9998;
обратно отсортирован_2;3;2500;34371256;
обратно отсортирован_2;4;2500;57503;
обратно отсортирован_2;5;2500;474162;
обратно отсортирован_2;6;2500;15633744;
обратно отсортирован_2;7;2500;334020;
обратно отсортирован_2;8;2500;9397490;
обратно отсортирован_2;9;2500;62050;
обратно отсортирован_2;10;2500;10940001;
обратно отсортирован_2;11;2500;135010;
обратно отсортирован_2;12;2500;164445;
обратно отсортирован_2;0;2600;17082676;
обратно отсортирован_2;1;2600;16893500;
обратно отсортирован_2;2;2600;10398;
обратно отсортирован_2;3;2600;37176106;
обратно отсортирован_2;4;2600;59803;
обратно отсортирован_2;5;2600;494702;
обратно отсортирован_2;6;2600;16909094;
обратно отсортирован_2;7;2600;349020;
обратно отсортирован_2;8;2600;10163390;
обратно отсортирован_2;9;2600;64450;
обратно отсортирован_2;10;2600;11832601;
обратно отсортирован_2;11;2600;141074;
обратно отсортирован_2;12;2600;171000;
обратно отсортирован_2;0;2700;18415526;
обратно отсортирован_2;1;2700;18218250;
обратно отсортирован_2;2;2700;10798;
обратно отсортирован_2;3;2700;40090956;
обратно отсортирован_2;4;2700;62103;
обратно отсортирован_2;5;2700;518396;
обратно отсортирован_2;6;2700;18234444;
обратно отсортирован_2;7;2700;364020;
обратно отсортирован_2;8;2700;10959290;
обратно отсортирован_2;9;2700;66850;
обратно отсортирован_2;10;2700;12760201;
обратно отсортирован_2;11;2700;153634;
обратно отсортирован_2;12;2700;177145;
обратно отсортирован_2;0;2800;19798376;
обратно отсортирован_2;1;2800;19593000;
обратно отсортирован_2;2;2800;11198;
обратно отсортирован_2;3;2800;43115806;
обратно отсортирован_2;4;2800;64403;
обратно отсортирован_2;5;2800;538296;
обратно отсортирован_2;6;2800;19609794;
обратно отсортирован_2;7;2800;379020;
обратно отсортирован_2;8;2800;11785190;
обратно отсортирован_2;9;2800;69250;
обратно отсортирован_2;10;2800;13722801;
обратно отсортирован_2;11;2800;156066;
обратно отсортирован_2;12;2800;183470;
обратно отсортирован_2;0;2900;21231226;
обратно отсортирован_2;1;2900;21017750;
обратно отсортирован_2;2;2900;11598;
обратно отсортирован_2;3;2900;46250656;
обратно отсортирован_2;4;2900;66703;
обратно отсортирован_2;5;2900;560247;
обратно отсортирован_2;6;2900;21035144;
обратно отсортирован_2;7;2900;394020;
обратно отсортирован_2;8;2900;12641090;
обратно отсортирован_2;9;2900;71650;
обратно отсортирован_2;10;2900;14720401;
обратно отсортирован_2;11;2900;166866;
обратно отсортирован_2;12;2900;189490;
обратно отсортирован_2;0;3000;22714076;
обратно отсортирован_2;1;3000;22492500;
обратно отсортирован_2;2;3000;11998;
обратно отсортирован_2;3;3000;49495506;
обратно отсортирован_2;4;3000;69003;
обратно отсортирован_2;5;3000;581565;
обратно отсортирован_2;6;3000;22510494;
обратно отсортирован_2;7;3000;409020;
обратно отсортирован_2;8;3000;13526990;
обратно отсортирован_2;9;3000;74050;
обратно отсортирован_2;10;3000;15753001;
обратно отсортирован_2;11;3000;165906;
обратно отсортирован_2;12;3000;197111;
обратно отсортирован_2;0;3100;24247129;
обратно отсортирован_2;1;3100;24017250;
обратно отсортирован_2;2;3100;12398;
обратно отсортирован_2;3;3100;52850356;
обратно отсортирован_2;4;3100;71303;
обратно отсортирован_2;5;3100;605566;
обратно отсортирован_2;6;3100;24035844;
обратно отсортирован_2;7;3100;424020;
обратно отсортирован_2;8;3100;14442890;
обратно отсортирован_2;9;3100;76450;
обратно отсортирован_2;10;3100;16820601;
обратно отсортирован_2;11;3100;176594;
обратно отсортирован_2;12;3100;201465;
обратно отсортирован_2;0;3200;25830679;
обратно отсортирован_2;1;3200;25592000;
обратно отсортирован_2;2;3200;12798;
обратно отсортирован_2;3;3200;56315206;
обратно отсортирован_2;4;3200;73603;
обратно отсортирован_2;5;3200;627320;
обратно отсортирован_2;6;3200;25611194;
обратно отсортирован_2;7;3200;439020;
обратно отсортирован_2;8;3200;15388790;
обратно отсортирован_2;9;3200;78850;
обратно отсортирован_2;10;3200;17923201;
обратно отсортирован_2;11;3200;178602;
обратно отсортирован_2;12;3200;208975;
обратно отсортирован_2;0;3300;27464229;
обратно отсортирован_2;1;3300;27216750;
обратно отсортирован_2;2;3300;13198;
обратно отсортирован_2;3;3300;59890056;
обратно отсортирован_2;4;3300;75903;
обратно отсортирован_2;5;3300;648495;
обратно отсортирован_2;6;3300;27236544;
обратно отсортирован_2;7;3300;454020;
обратно отсортирован_2;8;3300;16364690;
обратно отсортирован_2;9;3300;81250;
обратно отсортирован_2;10;3300;19060801;
обратно отсортирован_2;11;3300;189458;
обратно отсортирован_2;12;3300;222834;
обратно отсортирован_2;0;3400;29147779;
обратно отсортирован_2;1;3400;28891500;
обратно отсортирован_2;2;3400;13598;
обратно отсортирован_2;3;3400;63574906;
обратно отсортирован_2;4;3400;78203;
обратно отсортирован_2;5;3400;671341;
обратно отсортирован_2;6;3400;28911894;
обратно отсортирован_2;7;3400;469020;
обратно отсортирован_2;8;3400;17370590;
обратно отсортирован_2;9;3400;83650;
обратно отсортирован_2;10;3400;20233401;
обратно отсортирован_2;11;3400;201058;
обратно отсортирован_2;12;3400;222765;
обратно отсортирован_2;0;3500;30881329;
обратно отсортирован_2;1;3500;30616250;
обратно отсортирован_2;2;3500;13998;
обратно отсортирован_2;3;3500;67369756;
обратно отсортирован_2;4;3500;80503;
обратно отсортирован_2;5;3500;695664;
обратно отсортирован_2;6;3500;30637244;
обратно отсортирован_2;7;3500;484020;
обратно отсортирован_2;8;3500;18406490;
обратно отсортирован_2;9;3500;86050;
обратно отсортирован_2;10;3500;21441001;
обратно отсортирован_2;11;3500;205698;
обратно отсортирован_2;12;3500;228915;
обратно отсортирован_2;0;3600;32664879;
обратно отсортирован_2;1;3600;32391000;
обратно отсортирован_2;2;3600;14398;
обратно отсортирован_2;3;3600;71274606;
обратно отсортирован_2;4;3600;82803;
обратно отсортирован_2;5;3600;716978;
обратно отсортирован_2;6;3600;32412594;
обратно отсортирован_2;7;3600;499020;
обратно отсортирован_2;8;3600;19472390;
обратно отсортирован_2;9;3600;88450;
обратно отсортирован_2;10;3600;22683601;
обратно отсортирован_2;11;3600;212858;
обратно отсортирован_2;12;3600;240980;
обратно отсортирован_2;0;3700;34498429;
обратно отсортирован_2;1;3700;34215750;
обратно отсортирован_2;2;3700;14798;
обратно отсортирован_2;3;3700;75289456;
обратно отсортирован_2;4;3700;85103;
обратно отсортирован_2;5;3700;738380;
обратно отсортирован_2;6;3700;34237944;
обратно отсортирован_2;7;3700;514020;
обратно отсортирован_2;8;3700;20568290;
обратно отсортирован_2;9;3700;90850;
обратно отсортирован_2;10;3700;23961201;
обратно отсортирован_2;11;3700;215738;
обратно отсортирован_2;12;3700;245287;
обратно отсортирован_2;0;3800;36381979;
обратно отсортирован_2;1;3800;36090500;
обратно отсортирован_2;2;3800;15198;
обратно отсортирован_2;3;3800;79414306;
обратно отсортирован_2;4;3800;87403;
обратно отсортирован_2;5;3800;762297;
обратно отсортирован_2;6;3800;36113294;
обратно отсортирован_2;7;3800;529020;
обратно отсортирован_2;8;3800;21694190;
обратно отсортирован_2;9;3800;93250;
обратно отсортирован_2;10;3800;25273801;
обратно отсортирован_2;11;3800;223034;
обратно отсортирован_2;12;3800;251655;
обратно отсортирован_2;0;3900;38315529;
обратно отсортирован_2;1;3900;38015250;
обратно отсортирован_2;2;3900;15598;
обратно отсортирован_2;3;3900;83649156;
обратно отсортирован_2;4;3900;89703;
обратно отсортирован_2;5;3900;785744;
обратно отсортирован_2;6;3900;38038644;
обратно отсортирован_2;7;3900;544020;
обратно отсортирован_2;8;3900;22850090;
обратно отсортирован_2;9;3900;95650;
обратно отсортирован_2;10;3900;26621401;
обратно отсортирован_2;11;3900;228570;
обратно отсортирован_2;12;3900;262360;
обратно отсортирован_2;0;4000;40299079;
обратно отсортирован_2;1;4000;39990000;
обратно отсортирован_2;2;4000;15998;
обратно отсортирован_2;3;4000;87994006;
обратно отсортирован_2;4;4000;92003;
обратно отсортирован_2;5;4000;807986;
обратно отсортирован_2;6;4000;40013994;
обратно отсортирован_2;7;4000;559020;
обратно отсортирован_2;8;4000;24035990;
обратно отсортирован_2;9;4000;98050;
обратно отсортирован_2;10;4000;28004001;
обратно отсортирован_2;11;4000;234570;
обратно отсортирован_2;12;4000;268430;
обратно отсортирован_2;0;4100;42332629;
обратно отсортирован_2;1;4100;42014750;
обратно отсортирован_2;2;4100;16398;
обратно отсортирован_2;3;4100;92448856;
обратно отсортирован_2;4;4100;94303;
обратно отсортирован_2;5;4100;829298;
обратно отсортирован_2;6;4100;42039344;
обратно отсортирован_2;7;4100;574060;
обратно отсортирован_2;8;4100;25251890;
обратно отсортирован_2;9;4100;100450;
обратно отсортирован_2;10;4100;29421601;
обратно отсортирован_2;11;4100;256050;
обратно отсортирован_2;12;4100;287010;
